LAD23CD,LAD23NM,junction,pops_before,pops_after,step_pct,trend_pct,excess_pct,flag
E09000007,Camden,2010->2011,168846,173370,2.67936462812266,0.39915003543752,2.28021459268514,FALSE
E09000001,City of London,2010->2011,6535,6585,0.765110941086467,-1.36110729595319,2.12621823703966,FALSE
E07000136,Boston,2010->2011,49690,49800,0.22137250955927,2.05697066074011,-1.83559815118084,FALSE
E07000135,Oadby and Wigston,2010->2011,41030,41490,1.12113087984402,-0.569917411807885,1.69104829165191,FALSE
E09000033,Westminster,2010->2011,176916,177466,0.310882000497403,-1.25211676740096,1.56299876789836,FALSE
E06000053,Isles of Scilly,2010->2011,1801,1810,0.499722376457523,-1.02377616153064,1.52349853798816,FALSE
E09000019,Islington,2010->2011,158461,164183,3.61098314411747,2.16628493706363,1.44469820705385,FALSE
E06000017,Rutland,2010->2011,28324,28205,-0.420138398531278,0.841523720150842,-1.26166211868212,FALSE
E09000017,Hillingdon,2010->2011,196142,201167,2.56191942572217,1.3755760430033,1.18634338271887,FALSE
E07000041,Exeter,2010->2011,88695,89831,1.28079373132646,0.101553827142294,1.17923990418416,FALSE
E09000014,Haringey,2010->2011,188756,191391,1.39598211447582,2.4229502965014,-1.02696818202557,FALSE
E06000037,West Berkshire,2010->2011,114256,114206,-0.0437613779582735,0.97823698647664,-1.02199836443491,FALSE
E07000241,Welwyn Hatfield,2010->2011,81847,83090,1.51868730680416,0.512870641952408,1.00581666485175,FALSE
E07000123,Preston,2010->2011,103047,104034,0.957815365803949,-0.0279434148706237,0.985758780674573,FALSE
E09000022,Lambeth,2010->2011,231257,237502,2.70045879692291,1.71919820156061,0.981260595362306,FALSE
E07000209,Guildford,2010->2011,102871,104426,1.51160190918724,0.578372018473417,0.933229890713827,FALSE
E09000011,Greenwich,2010->2011,181005,185749,2.62092207397586,1.72418649124328,0.896735582732577,FALSE
E07000140,South Holland,2010->2011,68305,68747,0.647097577044131,1.52678729501627,-0.879689717972136,FALSE
E07000210,Mole Valley,2010->2011,64650,64767,0.18097447795824,0.985788931620676,-0.804814453662435,FALSE
E07000079,Cotswold,2010->2011,64012,64499,0.760794850965452,-0.0145167218018124,0.775311572767264,FALSE
E07000106,Canterbury,2010->2011,111540,113051,1.35467097005559,0.600048455163701,0.754622514891893,FALSE
E06000022,Bath and North East Somerset,2010->2011,132645,133718,0.808926080892602,0.0788449624751849,0.730081118417418,FALSE
E07000195,Newcastle-under-Lyme,2010->2011,94339,94992,0.692184568418153,-0.0310922519767535,0.723276820394906,FALSE
E07000142,West Lindsey,2010->2011,68341,68591,0.3658126161455,1.08068051897467,-0.714867902829168,FALSE
E07000116,Tunbridge Wells,2010->2011,83923,84765,1.00330064463854,1.68675917669531,-0.683458532056773,FALSE
E09000032,Wandsworth,2010->2011,240970,245074,1.70311657052744,1.02291631235412,0.680200258173317,FALSE
E06000002,Middlesbrough,2010->2011,100802,101352,0.545624094760022,-0.131636336173328,0.67726043093335,FALSE
E08000003,Manchester,2010->2011,364461,372620,2.23864830530565,1.57716257281106,0.66148573249459,FALSE
E07000245,West Suffolk,2010->2011,128371,130831,1.9163206643245,1.26277243274737,0.653548231577128,FALSE
E07000178,Oxford,2010->2011,112624,113780,1.02642420798409,0.37839152739646,0.648032680587629,FALSE
E09000028,Southwark,2010->2011,217171,221706,2.08821619829536,1.46672114622797,0.621495052067389,FALSE
E07000147,North Norfolk,2010->2011,80502,81305,0.997490745571539,0.383848948767181,0.613641796804358,FALSE
E09000020,Kensington and Chelsea,2010->2011,128938,127606,-1.03305464641921,-0.43607288043694,-0.596981765982267,FALSE
E09000026,Redbridge,2010->2011,197051,201635,2.32630131285809,1.73832331220379,0.587978000654303,FALSE
E07000074,Maldon,2010->2011,47439,47504,0.137018065304928,0.720748913062338,-0.58373084775741,FALSE
E07000121,Lancaster,2010->2011,103888,104614,0.698829508701682,0.118630998442211,0.58019851025947,FALSE
E08000019,Sheffield,2010->2011,407461,412859,1.32478936634426,0.746560210433733,0.578229155910526,FALSE
E07000064,Rother,2010->2011,70523,70580,0.0808246954894232,0.635456838857862,-0.554632143368439,FALSE
E09000008,Croydon,2010->2011,259687,264490,1.84953424699734,1.29909095820106,0.550443288796284,FALSE
E09000010,Enfield,2010->2011,220517,225246,2.14450586576092,1.59871440128433,0.545791464476582,FALSE
E07000094,Winchester,2010->2011,86767,87429,0.762962877591722,1.30021092601826,-0.537248048426542,FALSE
E06000056,Central Bedfordshire,2010->2011,189025,191948,1.54635630207645,1.01316551918311,0.533190782893334,FALSE
E07000125,Rossendale,2010->2011,50700,50943,0.479289940828398,1.00684978916616,-0.527559848337759,FALSE
E07000137,East Lindsey,2010->2011,108522,108294,-0.210095648808539,0.317298363756002,-0.527394012564542,FALSE
E08000031,Wolverhampton,2010->2011,183151,185002,1.01064149253893,0.483958411290386,0.526683081248547,FALSE
E07000075,Rochford,2010->2011,63495,63590,0.149618080163783,0.672843650892648,-0.523225570728866,FALSE
E06000014,York,2010->2011,150909,153032,1.4068080763904,0.888715428412645,0.518092647977753,FALSE
E08000026,Coventry,2010->2011,228936,232085,1.37549358772757,0.857914489984579,0.517579097742993,FALSE
E06000039,Slough,2010->2011,97894,99526,1.66710932232823,2.18373309618701,-0.516623773858778,FALSE
E06000032,Luton,2010->2011,142109,144999,2.03365022623478,1.51734888445219,0.516301341782592,FALSE
E07000008,Cambridge,2010->2011,93859,95598,1.85277916875313,1.33746183331388,0.515317335439251,FALSE
E08000021,Newcastle upon Tyne,2010->2011,209197,211232,0.972767295898125,0.460569205924529,0.512198089973596,FALSE
E07000010,Fenland,2010->2011,72907,73370,0.635055618802038,1.144561551257,-0.509505932454964,FALSE
E08000012,Liverpool,2010->2011,352513,357574,1.43569173335452,0.927740461465931,0.507951271888585,FALSE
E08000025,Birmingham,2010->2011,748114,758429,1.37880055713433,0.872921389356315,0.505879167778015,FALSE
E06000018,Nottingham,2010->2011,221951,224964,1.35750683709468,0.861780430884185,0.495726406210495,FALSE
E07000092,Rushmoor,2010->2011,69103,69982,1.27201423961334,0.781380203660165,0.490634035953175,FALSE
E09000023,Lewisham,2010->2011,201739,205465,1.8469408493152,1.3575120363354,0.489428812979805,FALSE
E06000024,North Somerset,2010->2011,154647,154930,0.182997406997876,0.663010490314283,-0.480013083316407,FALSE
E06000038,Reading,2010->2011,116127,116484,0.307422046552475,0.786205125919167,-0.478783079366692,FALSE
E06000041,Wokingham,2010->2011,114607,114696,0.0776566876368845,0.55395192295226,-0.476295235315375,FALSE
E07000113,Swale,2010->2011,99986,101006,1.02014281999481,1.49464312175988,-0.474500301765072,FALSE
E07000171,Bassetlaw,2010->2011,86044,86244,0.232439217144709,0.703687466787935,-0.471248249643227,FALSE
E07000065,Wealden,2010->2011,112597,113805,1.07285274030391,0.601981018682326,0.470871721621583,FALSE
E07000009,East Cambridgeshire,2010->2011,62879,63530,1.03532180855292,1.49980137237848,-0.464479563825552,FALSE
E07000035,Derbyshire Dales,2010->2011,55139,55364,0.408059631114099,0.857475506343023,-0.449415875228924,FALSE
E07000111,Sevenoaks,2010->2011,85436,86249,0.951589493890159,0.513323726461031,0.438265767429128,FALSE
E07000061,Eastbourne,2010->2011,75351,75942,0.7843293386949,0.354695729207544,0.429633609487357,FALSE
E07000080,Forest of Dean,2010->2011,62575,62946,0.592888533759495,0.163290045927026,0.429598487832469,FALSE
E07000228,Mid Sussex,2010->2011,104005,105011,0.967261189365898,1.39476270718915,-0.427501517823255,FALSE
E07000102,Three Rivers,2010->2011,64891,65268,0.580974249125466,1.00478994822217,-0.423815699096701,FALSE
E09000012,Hackney,2010->2011,179415,184687,2.93843881503777,3.36198413479271,-0.42354531975494,FALSE
E06000030,Swindon,2010->2011,155008,157162,1.38960569777045,1.81040171496571,-0.420796017195269,FALSE
E09000015,Harrow,2010->2011,176093,178408,1.31464623806739,1.73461432251433,-0.419968084446946,FALSE
E06000042,Milton Keynes,2010->2011,178440,181305,1.60558170813718,2.01702434684981,-0.411442638712622,FALSE
E07000138,Lincoln,2010->2011,69870,70765,1.2809503363389,0.875539240506599,0.405411095832305,FALSE
E07000115,Tonbridge and Malling,2010->2011,87908,88731,0.936206033580556,1.34069575361538,-0.404489720034825,FALSE
E07000088,Gosport,2010->2011,61564,61775,0.342732765902154,0.747050944012373,-0.404318178110219,FALSE
E08000034,Kirklees,2010->2011,308153,312158,1.2996790555341,0.900808201018973,0.398870854515125,FALSE
E07000091,New Forest,2010->2011,137136,137488,0.256679500641699,0.653088940409422,-0.396409439767723,FALSE
E07000223,Adur,2010->2011,47104,47186,0.174082880434789,0.565637036188423,-0.391554155753634,FALSE
E06000040,Windsor and Maidenhead,2010->2011,107694,108436,0.688989173027288,1.07077036428881,-0.381781191261525,FALSE
E07000044,South Hams,2010->2011,65452,65546,0.143616696204862,0.525022355853255,-0.381405659648393,FALSE
E06000026,Plymouth,2010->2011,193844,195366,0.785167454241553,0.409383013520433,0.37578444072112,FALSE
E06000045,Southampton,2010->2011,177051,178534,0.837611761582813,0.469103403522871,0.368508358059942,FALSE
E06000008,Blackburn with Darwen,2010->2011,103759,104397,0.614886419491323,0.98155198170824,-0.366665562216917,FALSE
E07000212,Runnymede,2010->2011,61328,61440,0.182624576050094,0.545971926828267,-0.363347350778172,FALSE
E06000058,"Bournemouth, Christchurch and Poole",2010->2011,290472,294914,1.52923517585171,1.16789500453527,0.361340171316438,FALSE
E06000059,Dorset,2010->2011,281838,283933,0.743334823551112,0.388145029472161,0.355189794078951,FALSE
E07000011,Huntingdonshire,2010->2011,126461,128258,1.42099145191008,1.06937890083831,0.351612551071774,FALSE
E07000107,Dartford,2010->2011,71338,72225,1.24337660153073,1.59466179720029,-0.35128519566956,FALSE
E08000005,Rochdale,2010->2011,152969,154401,0.936137387313773,0.587091187518022,0.349046199795751,FALSE
E07000174,Mansfield,2010->2011,79050,79513,0.585705249841872,0.930471631497139,-0.344766381655267,FALSE
E06000023,"Bristol, City of",2010->2011,321400,324680,1.02053515868077,0.676371813090667,0.344163345590102,FALSE
E07000237,Worcester,2010->2011,73300,74138,1.14324693042291,0.799102799007649,0.344144131415266,FALSE
E06000005,Darlington,2010->2011,78892,79388,0.628707600263656,0.96985712423329,-0.341149523969634,FALSE
E07000175,Newark and Sherwood,2010->2011,87117,87519,0.461448396983366,0.80207081069601,-0.340622413712643,FALSE
E07000063,Lewes,2010->2011,74359,74835,0.640137710297339,0.978619443084853,-0.338481732787514,FALSE
E07000109,Gravesham,2010->2011,74352,74848,0.667097051861409,1.00535666780336,-0.338259615941946,FALSE
E07000244,East Suffolk,2010->2011,183826,183851,0.0135998172184459,0.350969879501946,-0.3373700622835,FALSE
E06000016,Leicester,2010->2011,234887,238953,1.73104514085496,1.39374528097928,0.33729985987568,FALSE
E07000071,Colchester,2010->2011,129076,131069,1.54405156651896,1.20800863548877,0.336042931030186,FALSE
E07000098,Hertsmere,2010->2011,73521,74214,0.942587832047992,1.27766080281443,-0.335072970766441,FALSE
E06000009,Blackpool,2010->2011,108803,108304,-0.458627059915628,-0.125891187718893,-0.332735872196736,FALSE
E07000126,South Ribble,2010->2011,82888,83267,0.457243509313776,0.78784723902546,-0.330603729711683,FALSE
E09000013,Hammersmith and Fulham,2010->2011,144197,145876,1.16437928667033,0.838809350331538,0.325569936338788,FALSE
E07000047,West Devon,2010->2011,41309,41757,1.08450942893801,1.40386553474861,-0.319356105810605,FALSE
E07000177,Cherwell,2010->2011,105423,106022,0.568187207725068,0.881876317343651,-0.313689109618583,FALSE
E07000225,Chichester,2010->2011,87920,88560,0.727934485896276,1.03827997034778,-0.310345484451509,FALSE
E07000211,Reigate and Banstead,2010->2011,102400,103518,1.09179687500001,1.39973843500854,-0.307941560008536,FALSE
E07000110,Maidstone,2010->2011,115939,117260,1.13939226662296,1.44679176738608,-0.307399500763113,FALSE
E07000093,Test Valley,2010->2011,87164,88070,1.03941994401358,0.735660800271321,0.303759143742255,FALSE
E07000037,High Peak,2010->2011,68958,69112,0.223324342353326,0.525136756575151,-0.301812414221825,FALSE
E07000085,East Hampshire,2010->2011,86455,87277,0.950783644670627,1.24857883809963,-0.297795193429,FALSE
E07000131,Harborough,2010->2011,63613,64520,1.42580918994546,1.13081693981831,0.294992250127154,FALSE
E07000176,Rushcliffe,2010->2011,84213,84519,0.363364326172921,0.651269815610752,-0.287905489437831,FALSE
E07000202,Ipswich,2010->2011,98109,99476,1.39334821474075,1.6797109371495,-0.286362722408747,FALSE
E07000139,North Kesteven,2010->2011,82523,83393,1.05425154199434,1.33373813775427,-0.279486595759922,FALSE
E07000145,Great Yarmouth,2010->2011,73825,74216,0.529630883846943,0.808170307203771,-0.278539423356827,FALSE
E07000117,Burnley,2010->2011,64395,64701,0.475192173305383,0.1967389959313,0.278453177374083,FALSE
E07000224,Arun,2010->2011,117223,117585,0.308813116879803,0.587148492648248,-0.278335375768446,FALSE
E08000028,Sandwell,2010->2011,222169,224123,0.879510642798942,1.15724982337984,-0.277739180580894,FALSE
E07000180,Vale of White Horse,2010->2011,90772,91601,0.913277222050857,0.644624239333839,0.268652982717018,FALSE
E08000029,Solihull,2010->2011,154298,155007,0.459500447186612,0.726919451724191,-0.26741900453758,FALSE
E06000031,Peterborough,2010->2011,132929,134894,1.47823274078644,1.74523543446629,-0.267002693679845,FALSE
E06000064,Westmorland and Furness,2010->2011,175916,175737,-0.101753109438596,0.165097400440613,-0.266850509879209,FALSE
E09000030,Tower Hamlets,2010->2011,186432,193520,3.80192241675248,4.06468761441517,-0.262765197662691,FALSE
E08000030,Walsall,2010->2011,195289,197463,1.11322194286416,0.852426776684475,0.260795166179687,FALSE
E07000227,Horsham,2010->2011,98622,99252,0.638802701222851,0.896682648254917,-0.257879947032066,FALSE
E07000216,Waverley,2010->2011,89383,89800,0.466531667095538,0.72357562442753,-0.257043957331993,FALSE
E06000033,Southend-on-Sea,2010->2011,129477,131054,1.217976937989,1.47481851929721,-0.256841581308217,FALSE
E07000130,Charnwood,2010->2011,124927,125987,0.848495521384485,1.09825083854625,-0.249755317161767,FALSE
E08000017,Doncaster,2010->2011,226486,227804,0.581934424202824,0.825094518776141,-0.243160094573317,FALSE
E06000036,Bracknell Forest,2010->2011,83403,83847,0.532354951260738,0.773357686438573,-0.241002735177835,FALSE
E07000112,Folkestone and Hythe,2010->2011,81244,82428,1.45733838806559,1.21645171257208,0.240886675493505,FALSE
E06000055,Bedford,2010->2011,115694,116736,0.900651719190271,0.661518530653467,0.239133188536803,FALSE
E07000239,Wyre Forest,2010->2011,75701,76012,0.41082680545832,0.183113606795445,0.227713198662875,FALSE
E07000036,Erewash,2010->2011,85023,85530,0.596309233971981,0.821003293583737,-0.224694059611756,FALSE
E07000045,Teignbridge,2010->2011,96304,96453,0.154718391759423,0.377901034850892,-0.223182643091469,FALSE
E07000042,Mid Devon,2010->2011,58480,58947,0.79856361149111,1.02103678367828,-0.222473172187169,FALSE
E07000194,Lichfield,2010->2011,77170,77737,0.734741479849688,0.951092907838406,-0.216351427988718,FALSE
E06000051,Shropshire,2010->2011,232959,235845,1.23884460355685,1.02409029683947,0.214754306717387,FALSE
E07000229,Worthing,2010->2011,79224,80135,1.14990406947391,0.938157909200621,0.211746160273285,FALSE
E07000119,Fylde,2010->2011,59433,59759,0.548516817256406,0.340015969252542,0.208500848003864,FALSE
E07000087,Fareham,2010->2011,85406,86008,0.704868510409096,0.913170609980921,-0.208302099571826,FALSE
E07000077,Uttlesford,2010->2011,58134,59211,1.85261636907834,2.05924902626222,-0.206632657183881,FALSE
E07000173,Gedling,2010->2011,86471,86986,0.595575395219217,0.389660697992763,0.205914697226454,FALSE
E06000021,Stoke-on-Trent,2010->2011,184641,185905,0.684571682345747,0.481808708696,0.202762973649747,FALSE
E07000181,West Oxfordshire,2010->2011,79223,80057,1.05272458755665,1.25483522723386,-0.202110639677204,FALSE
E07000086,Eastleigh,2010->2011,93631,94944,1.402313336395,1.20206568015773,0.200247656237273,FALSE
E07000215,Tandridge,2010->2011,61727,62219,0.797058013511109,0.995322676532181,-0.198264663021071,FALSE
E06000063,Cumberland,2010->2011,211470,212251,0.369319525228162,0.17308786049813,0.196231664730033,FALSE
E07000120,Hyndburn,2010->2011,59334,59298,-0.0606734755789207,0.134099753717232,-0.194773229296152,FALSE
E07000243,Stevenage,2010->2011,61194,62030,1.36614700787658,1.17262107048995,0.193525937386633,FALSE
E07000069,Castle Point,2010->2011,67829,67989,0.235887304840121,0.42835276900283,-0.192465464162709,FALSE
E07000129,Blaby,2010->2011,70863,71141,0.392306281134025,0.583206841321656,-0.190900560187631,FALSE
E09000021,Kingston upon Thames,2010->2011,119898,121001,0.919948622996203,0.7315693184615,0.188379304534703,FALSE
E07000105,Ashford,2010->2011,85558,86714,1.35113022744804,1.1711915182171,0.179938709230935,FALSE
E07000114,Thanet,2010->2011,99570,100115,0.547353620568436,0.725847915949792,-0.178494295381356,FALSE
E07000108,Dover,2010->2011,84149,84736,0.697572163662086,0.874923800063769,-0.177351636401683,FALSE
E06000007,Warrington,2010->2011,151364,152689,0.875373272376523,1.05201766516986,-0.176644392793339,FALSE
E09000004,Bexley,2010->2011,168972,170807,1.08597874204011,0.911107981643392,0.174870760396713,FALSE
E08000016,Barnsley,2010->2011,174254,175965,0.981899985079249,0.809223527062379,0.17267645801687,FALSE
E08000036,Wakefield,2010->2011,246880,247974,0.443130265716141,0.614159730090632,-0.171029464374491,FALSE
E06000052,Cornwall,2010->2011,409290,412627,0.815314324806371,0.649130511595053,0.166183813211318,FALSE
E06000012,North East Lincolnshire,2010->2011,119046,119940,0.750970213194901,0.587353756334252,0.163616456860649,FALSE
E07000066,Basildon,2010->2011,128538,129638,0.855778057850598,0.694352386552207,0.161425671298391,FALSE
E07000146,King's Lynn and West Norfolk,2010->2011,114121,115027,0.793894200015766,0.954665323769555,-0.160771123753789,FALSE
E07000040,East Devon,2010->2011,103914,104457,0.522547491194647,0.364018774436037,0.15852871675861,FALSE
E08000022,North Tyneside,2010->2011,153829,154730,0.585715307256751,0.74343493769562,-0.157719630438868,FALSE
E08000004,Oldham,2010->2011,160097,161243,0.715816036527861,0.558585998589859,0.157230037938002,FALSE
E07000118,Chorley,2010->2011,81440,82316,1.07563850687622,0.920348634682925,0.155289872193295,FALSE
E07000043,North Devon,2010->2011,71559,72145,0.818904680054211,0.663798602820257,0.155106077233954,FALSE
E07000236,Redditch,2010->2011,62554,63118,0.901620999456476,1.05267859097898,-0.151057591522504,FALSE
E07000172,Broxtowe,2010->2011,84901,85041,0.164897939953601,0.314783949436048,-0.149886009482447,FALSE
E06000054,Wiltshire,2010->2011,351849,355144,0.936481274637702,1.08603137527768,-0.14955010063998,FALSE
E07000141,South Kesteven,2010->2011,100873,101773,0.892210997987575,1.04072863790789,-0.148517639920313,FALSE
E08000009,Trafford,2010->2011,167347,168523,0.702731450220195,0.847413104183792,-0.144681653963596,FALSE
E07000144,Broadland,2010->2011,96511,96835,0.335713027530549,0.480187141608601,-0.144474114078053,FALSE
E08000002,Bury,2010->2011,137130,137721,0.43097790417852,0.574163491663016,-0.143185587484496,FALSE
E07000143,Breckland,2010->2011,99726,100633,0.909492008102197,0.766909298581927,0.142582709520271,FALSE
E06000043,Brighton and Hove,2010->2011,208547,211797,1.55840170321317,1.41690155938439,0.14150014382878,FALSE
E06000011,East Riding of Yorkshire,2010->2011,258607,259384,0.300455904132524,0.441753773434805,-0.141297869302282,FALSE
E07000226,Crawley,2010->2011,78196,79226,1.31720292598088,1.17601891419664,0.141184011784238,FALSE
E07000046,Torridge,2010->2011,49472,49889,0.842901034928856,0.706300540264645,0.136600494664211,FALSE
E07000082,Stroud,2010->2011,85159,85903,0.873659859791687,0.737701273566738,0.135958586224949,FALSE
E08000024,Sunderland,2010->2011,211071,211368,0.140710945605971,0.00702369404418368,0.133687251561787,FALSE
E06000013,North Lincolnshire,2010->2011,125887,126902,0.806278646722847,0.939131212426007,-0.13285256570316,FALSE
E07000199,Tamworth,2010->2011,56950,57318,0.646180860403867,0.778929204534773,-0.132748344130906,FALSE
E07000076,Tendring,2010->2011,107545,107122,-0.393323724952344,-0.26335577444692,-0.129967950505424,FALSE
E07000203,Mid Suffolk,2010->2011,73184,73917,1.00158504591168,1.13113735001098,-0.129552304099301,FALSE
E07000220,Rugby,2010->2011,74191,75271,1.45570217411815,1.58372135491144,-0.128019180793297,FALSE
E07000095,Broxbourne,2010->2011,69077,69627,0.79621292181189,0.924034313906604,-0.127821392094714,FALSE
E06000004,Stockton-on-Tees,2010->2011,142260,143094,0.586250527203713,0.713257967974064,-0.127007440770351,FALSE
E08000008,Tameside,2010->2011,163232,164305,0.657346598706132,0.784305652107594,-0.126959053401462,FALSE
E07000128,Wyre,2010->2011,84060,84050,-0.0118962645729193,0.11288292202587,-0.124779186598789,FALSE
E07000222,Warwick,2010->2011,106156,106684,0.497381212555115,0.620237068297561,-0.122855855742447,FALSE
E06000050,Cheshire West and Chester,2010->2011,252098,252527,0.170171917270268,0.289403195100646,-0.119231277830378,FALSE
E07000081,Gloucester,2010->2011,89499,90444,1.05587771930413,1.17420717339599,-0.118329454091855,FALSE
E07000039,South Derbyshire,2010->2011,70080,70989,1.29708904109589,1.41432878455849,-0.117239743462598,FALSE
E08000037,Gateshead,2010->2011,152579,153698,0.733390571441683,0.85060975340272,-0.117219181961037,FALSE
E07000218,North Warwickshire,2010->2011,47607,47738,0.27516961791334,0.391361355964633,-0.116191738051293,FALSE
E09000009,Ealing,2010->2011,249851,253734,1.55412625925051,1.44059195808121,0.113534301169301,FALSE
E06000019,"Herefordshire, County of",2010->2011,140802,141847,0.742176957713658,0.855587512004178,-0.11341055429052,FALSE
E08000013,St. Helens,2010->2011,132882,133536,0.492165981848558,0.379426339072923,0.112739642775635,FALSE
E07000234,Bromsgrove,2010->2011,71298,71635,0.472664029846559,0.585133758499571,-0.112469728653012,FALSE
E08000010,Wigan,2010->2011,238861,240769,0.798790928615389,0.909286711187862,-0.110495782572473,FALSE
E07000034,Chesterfield,2010->2011,79117,79510,0.496732687033119,0.605790200141073,-0.109057513107954,FALSE
E07000170,Ashfield,2010->2011,89383,90184,0.896143561974871,0.792218448919191,0.103925113055681,FALSE
E07000219,Nuneaton and Bedworth,2010->2011,93616,94305,0.735985301657838,0.836495443867221,-0.100510142209383,FALSE
E09000005,Brent,2010->2011,227127,233184,2.66678994571319,2.56875502771895,0.098034917994235,FALSE
E07000122,Pendle,2010->2011,65951,66215,0.400297190338272,0.496287994498575,-0.0959908041603027,FALSE
E09000018,Hounslow,2010->2011,186072,190306,2.27546326153316,2.17952133265045,0.0959419288827146,FALSE
E09000029,Sutton,2010->2011,140802,142340,1.09231402963026,0.997681041249006,0.0946329883812528,FALSE
E07000084,Basingstoke and Deane,2010->2011,124348,125965,1.30038279666742,1.39328380570613,-0.0929010090387077,FALSE
E07000192,Cannock Chase,2010->2011,72991,73680,0.94395199408146,0.852465783535143,0.0914862105463173,FALSE
E92000001,England,2010->2011,39588969,39982193,0.993266583931507,0.901838482382648,0.0914281015488591,FALSE
E06000062,West Northamptonshire,2010->2011,278418,280263,0.662672672025511,0.753410419582309,-0.090737747556798,FALSE
E07000217,Woking,2010->2011,73406,74407,1.36364874805874,1.27334901857277,0.0902997294859764,FALSE
E09000031,Waltham Forest,2010->2011,185990,190719,2.54260981773213,2.63244613232647,-0.0898363145943382,FALSE
E08000015,Wirral,2010->2011,240468,241783,0.546850308564961,0.635535621709238,-0.0886853131442766,FALSE
E06000034,Thurrock,2010->2011,114127,115192,0.933170941144512,1.0182699535047,-0.0850990123601865,FALSE
E06000003,Redcar and Cleveland,2010->2011,102808,102851,0.0418255388685784,-0.0430767667721617,0.0849023056407402,FALSE
E07000103,Watford,2010->2011,65746,67145,2.12788610713959,2.21278556047495,-0.0848994533353631,FALSE
E08000001,Bolton,2010->2011,202141,203963,0.901351037147347,0.985979570277359,-0.084628533130012,FALSE
E07000235,Malvern Hills,2010->2011,57190,57536,0.605000874278727,0.522191816979952,0.0828090572987753,FALSE
E07000099,North Hertfordshire,2010->2011,94610,95635,1.08339498995877,1.00114547090949,0.082249519049286,FALSE
E07000127,West Lancashire,2010->2011,83419,83660,0.288903007708075,0.207130308846367,0.0817726988617077,FALSE
E06000035,Medway,2010->2011,192115,194398,1.18835072742889,1.10761921523009,0.0807315121987988,FALSE
E07000083,Tewkesbury,2010->2011,62499,63263,1.22241955871294,1.1422119990168,0.08020755969614,FALSE
E07000133,Melton,2010->2011,38178,38554,0.98486039080099,0.913975557441275,0.0708848333597153,FALSE
E08000035,Leeds,2010->2011,564343,565791,0.256581547037893,0.185809118226784,0.0707724288111093,FALSE
E07000012,South Cambridgeshire,2010->2011,110356,112044,1.52959512849324,1.59985214192073,-0.0702570134274883,FALSE
E08000014,Sefton,2010->2011,209901,210608,0.33682545581013,0.266965688525829,0.0698597672843008,FALSE
E07000240,St Albans,2010->2011,102374,103489,1.08914372789966,1.1584888618679,-0.0693451339682423,FALSE
E07000148,Norwich,2010->2011,101238,102120,0.8712143661471,0.802364880041447,0.0688494861056524,FALSE
E07000196,South Staffordshire,2010->2011,83766,84399,0.755676527469373,0.689155218547488,0.0665213089218852,FALSE
E09000024,Merton,2010->2011,150859,151865,0.666847851304864,0.732828107247988,-0.0659802559431247,FALSE
E06000027,Torbay,2010->2011,101454,101532,0.0768821337749026,0.0116281150146576,0.065254018760245,FALSE
E07000096,Dacorum,2010->2011,106986,108249,1.18052829342157,1.11556391693185,0.0649643764897141,FALSE
E07000067,Braintree,2010->2011,109042,110275,1.13075695603528,1.06605500927299,0.0647019467622911,FALSE
E06000015,Derby,2010->2011,181684,183015,0.732590651901099,0.794959174929895,-0.0623685230287959,FALSE
E07000208,Epsom and Ewell,2010->2011,55270,55978,1.28098425909173,1.2211857094188,0.0597985496729365,FALSE
E06000020,Telford and Wrekin,2010->2011,121502,122355,0.702046056855021,0.642762147612112,0.0592839092429095,FALSE
E07000078,Cheltenham,2010->2011,88046,88784,0.838198214569652,0.895224270784797,-0.0570260562151445,FALSE
E07000221,Stratford-on-Avon,2010->2011,92860,93652,0.852896833943562,0.795958656383933,0.0569381775596289,FALSE
E07000193,East Staffordshire,2010->2011,84530,85540,1.19484206790488,1.25175668274393,-0.0569146148390543,FALSE
E07000179,South Oxfordshire,2010->2011,100631,101499,0.862557263666264,0.805921357777736,0.0566359058885283,FALSE
E06000060,Buckinghamshire,2010->2011,372440,375512,0.824830845236813,0.768647902483832,0.0561829427529803,FALSE
E08000011,Knowsley,2010->2011,108417,108483,0.0608760618722171,0.00678974644216697,0.0540863154300501,FALSE
E07000124,Ribble Valley,2010->2011,43280,43411,0.302680221811458,0.356599177355103,-0.0539189555436452,FALSE
E06000025,South Gloucestershire,2010->2011,196425,197340,0.465826651393653,0.516120557301236,-0.0502939059075835,FALSE
E09000025,Newham,2010->2011,213306,223261,4.66700420991439,4.71638091684477,-0.0493767069303779,FALSE
E07000038,North East Derbyshire,2010->2011,76824,77144,0.416536499010722,0.463829018738301,-0.0472925197275783,FALSE
E07000207,Elmbridge,2010->2011,96174,96203,0.0301536797887136,0.0758864756806569,-0.0457327958919433,FALSE
E08000006,Salford,2010->2011,173844,175721,1.07970364234602,1.03412943814396,0.045574204202059,FALSE
E07000033,Bolsover,2010->2011,57584,57971,0.672061683801051,0.626719448309395,0.0453422354916558,FALSE
E07000149,South Norfolk,2010->2011,93765,95162,1.48989495014131,1.53404473100211,-0.0441497808607954,FALSE
E07000238,Wychavon,2010->2011,90281,90688,0.450814678614542,0.493840786029624,-0.0430261074150821,FALSE
E09000016,Havering,2010->2011,177370,179147,1.00186051756215,1.04416136706112,-0.0423008494989736,FALSE
E06000044,Portsmouth,2010->2011,151665,153253,1.04704447301618,1.00516067749656,0.041883795519615,FALSE
E07000132,Hinckley and Bosworth,2010->2011,80683,81179,0.614751558568716,0.65113152818829,-0.0363799696195747,FALSE
E06000065,North Yorkshire,2010->2011,458911,462281,0.734347182787087,0.769654803555212,-0.035307620768125,FALSE
E08000032,Bradford,2010->2011,366039,369439,0.92886277145332,0.963458578005934,-0.0345958065526139,FALSE
E07000070,Chelmsford,2010->2011,126652,127637,0.777721630925687,0.743452489824222,0.0342691411014654,FALSE
E08000023,South Tyneside,2010->2011,113431,113635,0.17984501591275,0.21397186712276,-0.0341268512100109,FALSE
E07000213,Spelthorne,2010->2011,72523,73223,0.965211036498759,0.997763226031438,-0.0325521895326789,FALSE
E08000007,Stockport,2010->2011,213287,213947,0.309442206979327,0.341786874136285,-0.0323446671569583,FALSE
E09000003,Barnet,2010->2011,259457,263808,1.67696381288613,1.64633978705414,0.0306240258319896,FALSE
E09000006,Bromley,2010->2011,230955,232493,0.665930592539676,0.696505124265741,-0.0305745317260649,FALSE
E07000242,East Hertfordshire,2010->2011,101727,102668,0.925024821335541,0.954744324506403,-0.0297195031708627,FALSE
E07000089,Hart,2010->2011,68015,68425,0.602808204072636,0.631865395983729,-0.0290571919110935,FALSE
E07000062,Hastings,2010->2011,67241,67910,0.994928689341323,0.968946301752386,0.0259823875889372,FALSE
E08000027,Dudley,2010->2011,234624,235686,0.452639116202946,0.429417001184011,0.0232221150189356,FALSE
E07000072,Epping Forest,2010->2011,94200,94777,0.612526539278124,0.589707625509561,0.022818913768563,FALSE
E07000068,Brentwood,2010->2011,55302,55932,1.13919930563089,1.1167312512584,0.0224680543724931,FALSE
E07000134,North West Leicestershire,2010->2011,70409,70967,0.792512320868077,0.771218591627128,0.0212937292409491,FALSE
E06000047,County Durham,2010->2011,391982,394629,0.675286110076478,0.69630473080462,-0.0210186207281415,FALSE
E06000049,Cheshire East,2010->2011,282110,283714,0.568572542625212,0.588626195736171,-0.0200536531109593,FALSE
E06000046,Isle of Wight,2010->2011,107100,107364,0.246498599439771,0.226775879650565,0.0197227197892058,FALSE
E07000073,Harlow,2010->2011,60103,60616,0.85353476531953,0.83859087663077,0.0149438886887602,FALSE
E09000002,Barking and Dagenham,2010->2011,124819,127325,2.00770715996763,1.994827325195,0.0128798347726351,FALSE
E06000066,Somerset,2010->2011,401795,404469,0.665513508132265,0.677498086293996,-0.0119845781617315,FALSE
E09000027,Richmond upon Thames,2010->2011,141043,141620,0.409095098657852,0.398075917901604,0.011019180756248,FALSE
E06000057,Northumberland,2010->2011,243904,245096,0.488716872212014,0.499621443973604,-0.0109045717615904,FALSE
E06000061,North Northamptonshire,2010->2011,233845,236333,1.06395261818726,1.07434439210534,-0.0103917739180837,FALSE
E06000010,"Kingston upon Hull, City of",2010->2011,191856,192410,0.288758235343178,0.278609587223089,0.0101486481200896,FALSE
E08000033,Calderdale,2010->2011,151252,152427,0.776849231745702,0.7851452288589,-0.00829599711319828,FALSE
E06000006,Halton,2010->2011,92762,93699,1.0101118992691,1.01766289406771,-0.00755099479861809,FALSE
E07000197,Stafford,2010->2011,100304,101132,0.825490508853077,0.831536520437119,-0.00604601158404139,FALSE
E07000214,Surrey Heath,2010->2011,64152,64707,0.865132809577252,0.859786175267356,0.0053466343098959,FALSE
E08000018,Rotherham,2010->2011,192405,193412,0.523375172162877,0.518706102016261,0.004669070146616,FALSE
E07000198,Staffordshire Moorlands,2010->2011,75449,75792,0.454611724476139,0.450414658350643,0.00419706612549603,FALSE
E07000200,Babergh,2010->2011,66592,66979,0.581150888995685,0.577855677336059,0.00329521165962632,FALSE
E06000001,Hartlepool,2010->2011,68252,68690,0.641739436207001,0.644735936266586,-0.00299650005958585,FALSE
E07000032,Amber Valley,2010->2011,93423,94043,0.663648138038808,0.664270294484977,-0.000622156446169142,FALSE
E07000090,Havant,2010->2011,90999,91654,0.719788129539878,0.719619720181649,0.000168409358229149,FALSE
E09000001,City of London,2025->2026,14660,14010.437,-4.43085266030014,11.1261279533071,-15.5569806136073,TRUE
E09000007,Camden,2025->2026,174624,190036.82,8.82628962800076,0.329257448325045,8.49703217967572,TRUE
E09000002,Barking and Dagenham,2025->2026,165607,158875.962,-4.06446466634864,2.97162682277163,-7.03609148912028,TRUE
E09000030,Tower Hamlets,2025->2026,264737,286277.781,8.1366718667961,1.41423362756405,6.72243823923204,TRUE
E06000053,Isles of Scilly,2025->2026,1878,1756.106,-6.49062832800851,-0.367646631553812,-6.1229816964547,TRUE
E09000028,Southwark,2025->2026,251001,267840.122,6.70878681758236,0.637676635085849,6.07111018249651,TRUE
E09000020,Kensington and Chelsea,2025->2026,121864,129254.42,6.06448171732423,0.165226281717175,5.89925543560706,TRUE
E09000033,Westminster,2025->2026,178573,189352.757,6.03661079782498,0.517833447939549,5.51877734988543,TRUE
E09000019,Islington,2025->2026,183700,195253.796,6.28949156232983,0.861735794807839,5.42775576752199,TRUE
E06000001,Hartlepool,2025->2026,75286,72687.242,-3.45184762107162,1.91174589602196,-5.36359351709358,TRUE
E09000022,Lambeth,2025->2026,258223,271603.491,5.18175801535885,-0.0270790115877532,5.2088370269466,TRUE
E07000008,Cambridge,2025->2026,118500,125001.794,5.48674599156116,0.479057374524021,5.00768861703714,TRUE
E07000079,Cotswold,2025->2026,72197,75818.673,5.01637602670466,0.0870630738449692,4.92931295285969,FALSE
E07000092,Rushmoor,2025->2026,81443,78938.907,-3.07465712215905,1.71812653575643,-4.79278365791548,FALSE
E07000241,Welwyn Hatfield,2025->2026,92254,96978.701,5.12140503392806,0.541787282870228,4.57961775105783,FALSE
E08000026,Coventry,2025->2026,269277,284494.923,5.65140097371855,1.21684849252317,4.43455248119537,FALSE
E06000008,Blackburn with Darwen,2025->2026,116906,113767.004,-2.68505979162748,1.70983389797526,-4.39489368960274,FALSE
E07000067,Braintree,2025->2026,127645,124610.471,-2.37731912726703,1.92735653836928,-4.30467566563632,FALSE
E07000120,Hyndburn,2025->2026,64971,63299.285,-2.5730171922858,1.60579345100068,-4.17881064328648,FALSE
E09000016,Havering,2025->2026,208302,203892.905,-2.11668394926595,1.79484635543403,-3.91153030469998,FALSE
E07000095,Broxbourne,2025->2026,77100,75096.033,-2.59917898832688,1.28807370981562,-3.8872526981425,FALSE
E07000121,Lancaster,2025->2026,111254,115761.63,4.05165656965143,0.187152318146563,3.86450425150487,FALSE
E07000126,South Ribble,2025->2026,91332,89291.292,-2.23438444356854,1.62846003193926,-3.8628444755078,FALSE
E07000219,Nuneaton and Bedworth,2025->2026,108654,106401.798,-2.07282014467943,1.78387575677346,-3.8566959014529,FALSE
E06000018,Nottingham,2025->2026,239513,249219.142,4.05244892761565,0.250035825175517,3.80241310244013,FALSE
E07000220,Rugby,2025->2026,94091,92815.95,-1.35512429456589,2.31098611632553,-3.66611041089142,FALSE
E07000043,North Devon,2025->2026,79490,82669.456,3.99981884513776,0.470926157471826,3.52889268766593,FALSE
E07000203,Mid Suffolk,2025->2026,89461,88473.444,-1.10389555225179,2.37078895205057,-3.47468450430236,FALSE
E07000216,Waverley,2025->2026,102223,100562.415,-1.62447296596657,1.77230574754529,-3.39677871351187,FALSE
E07000127,West Lancashire,2025->2026,95745,93738.979,-2.09517050498715,1.29510990086549,-3.39028040585265,FALSE
E07000135,Oadby and Wigston,2025->2026,45393,44527.1940000001,-1.90735575969853,1.46753374833709,-3.37488950803562,FALSE
E06000021,Stoke-on-Trent,2025->2026,201667,197554.296,-2.03935398453887,1.3307870221072,-3.37014100664607,FALSE
E09000009,Ealing,2025->2026,297612,293575.743,-1.35621446715858,1.94066655068907,-3.29688101784765,FALSE
E07000068,Brentwood,2025->2026,60602,59287.944,-2.16833767862445,1.08943424207382,-3.25777192069827,FALSE
E07000117,Burnley,2025->2026,74640,73509.0770000001,-1.51517015005352,1.66289882190975,-3.17806897196327,FALSE
E09000012,Hackney,2025->2026,207944,216321.325,4.0286447312738,0.958840106677191,3.06980462459661,FALSE
E07000125,Rossendale,2025->2026,56097,55113.358,-1.75346631727185,1.25744430806729,-3.01091062533914,FALSE
E06000039,Slough,2025->2026,117522,116100.563,-1.20950715610693,1.74122986505688,-2.9507370211638,FALSE
E08000018,Rotherham,2025->2026,211494,207806.258,-1.74366270437929,1.19814345744853,-2.94180616182782,FALSE
E07000171,Bassetlaw,2025->2026,98017,96803.643,-1.2379046491935,1.6342656868354,-2.8721703360289,FALSE
E07000109,Gravesham,2025->2026,81485,80069.3240000001,-1.73734552371596,1.05765604040236,-2.79500156411832,FALSE
E06000015,Derby,2025->2026,204692,201967.601,-1.33097483047705,1.41372956524808,-2.74470439572513,FALSE
E07000123,Preston,2025->2026,122343,122165.237,-0.145298872841093,2.5522307874979,-2.69752966033899,FALSE
E06000004,Stockton-on-Tees,2025->2026,156309,153892.358,-1.54606708506867,1.12105670985213,-2.6671237949208,FALSE
E09000004,Bexley,2025->2026,191728,189339.602,-1.2457220645914,1.41694754994503,-2.66266961453643,FALSE
E07000133,Melton,2025->2026,42794,42287.781,-1.1829205028742,1.44852269840424,-2.63144320127844,FALSE
E07000214,Surrey Heath,2025->2026,72411,71472.289,-1.29636519313361,1.3105897225103,-2.60695491564391,FALSE
E08000024,Sunderland,2025->2026,222388,219188.794,-1.43856952713276,1.1654688484347,-2.60403837556746,FALSE
E07000103,Watford,2025->2026,79974,79064.145,-1.13768849876217,1.44080586266047,-2.57849436142264,FALSE
E07000237,Worcester,2025->2026,82852,81590.667,-1.52239294163091,1.0367845393777,-2.55917748100861,FALSE
E07000227,Horsham,2025->2026,116636,120502.279,3.3148247539353,0.781337131618654,2.53348762231664,FALSE
E07000228,Mid Sussex,2025->2026,123360,122514.62,-0.685295071335934,1.83620082675304,-2.52149589808898,FALSE
E09000008,Croydon,2025->2026,307129,304305.589,-0.919291568038194,1.54953269913109,-2.46882426716928,FALSE
E07000096,Dacorum,2025->2026,121229,119803.368,-1.17598264441674,1.28618386778725,-2.46216651220399,FALSE
E07000009,East Cambridgeshire,2025->2026,72616,72247.53,-0.507422606588126,1.94723484226903,-2.45465744885715,FALSE
E06000040,Windsor and Maidenhead,2025->2026,120678,119165.821,-1.25306932498042,1.20095627350344,-2.45402559848385,FALSE
E09000015,Harrow,2025->2026,206721,204984.492,-0.840024961179564,1.6002520857549,-2.44027704693447,FALSE
E06000042,Milton Keynes,2025->2026,227525,226520.11,-0.441661355894885,1.9427158353942,-2.38437719128909,FALSE
E08000003,Manchester,2025->2026,434719,451887.448,3.94932082563682,1.61662540567602,2.3326954199608,FALSE
E06000011,East Riding of Yorkshire,2025->2026,286589,284156.365,-0.848823576620206,1.4608424158143,-2.30966599243451,FALSE
E07000178,Oxford,2025->2026,127640,131233.665,2.81546928862428,0.522744627082468,2.29272466154182,FALSE
E06000038,Reading,2025->2026,139434,138336.532,-0.787087797811148,1.49391356631552,-2.28100136412667,FALSE
E07000148,Norwich,2025->2026,113763,116798.179,2.66798431827575,0.404485516305649,2.2634988019701,FALSE
E07000149,South Norfolk,2025->2026,116527,120712.533,3.59189973139276,1.33894162245842,2.25295810893434,FALSE
E07000122,Pendle,2025->2026,73404,72709.427,-0.946233175303768,1.26436422806202,-2.21059740336579,FALSE
E07000226,Crawley,2025->2026,92163,91427.418,-0.798131571237937,1.40487203487409,-2.20300360611202,FALSE
E07000073,Harlow,2025->2026,71778,71103.319,-0.939955139457793,1.25249680222907,-2.19245194168686,FALSE
E08000012,Liverpool,2025->2026,390423,403209.979,3.27516027488135,1.08477953888998,2.19038073599137,FALSE
E07000147,North Norfolk,2025->2026,84994,87130.2680000001,2.51343388945107,0.335396364138396,2.17803752531267,FALSE
E07000047,West Devon,2025->2026,47194,48522.891,2.81580497520868,0.655122238824927,2.16068273638375,FALSE
E07000136,Boston,2025->2026,54795,56044.034,2.27946710466287,0.12157221933895,2.15789488532392,FALSE
E09000017,Hillingdon,2025->2026,244113,243610.802,-0.205723578834371,1.93609076204642,-2.14181434088079,FALSE
E07000071,Colchester,2025->2026,151472,156211.515,3.12897103094953,0.991416450434094,2.13755458051544,FALSE
E07000093,Test Valley,2025->2026,104300,107288.377,2.86517449664432,0.729797755028231,2.13537674161609,FALSE
E07000194,Lichfield,2025->2026,88862,88399.847,-0.520079449033373,1.57625583090877,-2.09633527994214,FALSE
E06000052,Cornwall,2025->2026,460956,473754.071,2.77641922439449,0.707428733453611,2.06899049094088,FALSE
E07000081,Gloucester,2025->2026,104868,104039.794,-0.789760460769717,1.2729785495311,-2.06273901030082,FALSE
E09000023,Lewisham,2025->2026,234349,240722.394,2.71961646945369,0.663685238476575,2.05593123097712,FALSE
E07000124,Ribble Valley,2025->2026,52357,52337.883,-0.0365127872108073,2.00913195460184,-2.04564474181265,FALSE
E07000196,South Staffordshire,2025->2026,91085,90052.5370000001,-1.13351594664315,0.895083592405666,-2.02859953904881,FALSE
E07000094,Winchester,2025->2026,103171,102775.35,-0.383489546481119,1.63780782782655,-2.02129737430767,FALSE
E08000005,Rochdale,2025->2026,172596,171588.576,-0.583689077382932,1.43297655829711,-2.01666563568004,FALSE
E07000075,Rochford,2025->2026,69683,69094.5180000001,-0.844513008911729,1.15112695526784,-1.99563996417957,FALSE
E06000020,Telford and Wrekin,2025->2026,149108,148879.107,-0.153508195401941,1.81054420851875,-1.96405240392069,FALSE
E07000074,Maldon,2025->2026,55495,55251.34,-0.439066582575054,1.51379666414412,-1.95286324671918,FALSE
E08000017,Doncaster,2025->2026,246064,243889.358,-0.883770888874447,1.05690743309089,-1.94067832196534,FALSE
E06000051,Shropshire,2025->2026,263346,270233.737,2.6154705216711,0.696672677280064,1.91879784439104,FALSE
E06000046,Isle of Wight,2025->2026,113347,115660.567,2.04113651000915,0.157637773234143,1.883498736775,FALSE
E07000130,Charnwood,2025->2026,144806,148756.135,2.72788075079764,0.890847357264886,1.83703339353275,FALSE
E07000243,Stevenage,2025->2026,68801,68241.046,-0.813874798331393,1.00079444248801,-1.8146692408194,FALSE
E07000195,Newcastle-under-Lyme,2025->2026,99682,98730.099,-0.954937701892034,0.833474719357937,-1.78841242124997,FALSE
E07000172,Broxtowe,2025->2026,89169,91191.62,2.26829952113397,0.512938235906975,1.75536128522699,FALSE
E07000042,Mid Devon,2025->2026,66141,67827.096,2.54924479521019,0.797258395754974,1.75198639945522,FALSE
E08000008,Tameside,2025->2026,181427,180332.953,-0.603023254532109,1.1385636225405,-1.74158687707261,FALSE
E07000128,Wyre,2025->2026,95896,95997.069,0.105394385584345,1.84673872671341,-1.74134434112906,FALSE
E07000193,East Staffordshire,2025->2026,99908,99685.144,-0.223061216319009,1.44754815463811,-1.67060937095712,FALSE
E07000085,East Hampshire,2025->2026,100889,103494.233,2.58227656136945,0.914399051220912,1.66787751014853,FALSE
E07000086,Eastleigh,2025->2026,109004,112069.989,2.81273072547796,1.14933365582256,1.6633970696554,FALSE
E06000063,Cumberland,2025->2026,221731,219972.67,-0.793001429660267,0.863526310935477,-1.65652774059574,FALSE
E07000011,Huntingdonshire,2025->2026,148391,148128.693,-0.176767458942984,1.47740598186932,-1.6541734408123,FALSE
E08000001,Bolton,2025->2026,226057,224922.591,-0.501824318645316,1.14714918283848,-1.64897350148379,FALSE
E07000209,Guildford,2025->2026,116035,115780.153,-0.219629422157142,1.42820567106979,-1.64783509322693,FALSE
E06000061,North Northamptonshire,2025->2026,286408,285858.576,-0.191832630373456,1.45505416519109,-1.64688679556455,FALSE
E07000040,East Devon,2025->2026,126261,129924.247,2.90132899311746,1.25928339156532,1.64204560155214,FALSE
E06000027,Torbay,2025->2026,110599,112661.411,1.86476460004157,0.23238226288973,1.63238233715184,FALSE
E08000019,Sheffield,2025->2026,442503,454309.525,2.66812315396725,1.03637162865741,1.63175152530984,FALSE
E07000038,North East Derbyshire,2025->2026,84921,84614.01,-0.361500688875516,1.25779237437186,-1.61929306324738,FALSE
E07000076,Tendring,2025->2026,125806,125835.77,0.0236634182789297,1.63740724285997,-1.61374382458104,FALSE
E07000132,Hinckley and Bosworth,2025->2026,92206,91887.485,-0.345438474719628,1.26117809233485,-1.60661656705448,FALSE
E06000044,Portsmouth,2025->2026,161034,164132.421,1.92407876597489,0.318938493371808,1.60514027260308,FALSE
E07000212,Runnymede,2025->2026,70257,70142.105,-0.163535306090523,1.42971377979575,-1.59324908588627,FALSE
E06000016,Leicester,2025->2026,280718,288407.128,2.73909332497388,1.15060063301846,1.58849269195543,FALSE
E07000129,Blaby,2025->2026,83185,83176.196,-0.0105836388771485,1.55113375227314,-1.56171739115029,FALSE
E08000032,Bradford,2025->2026,400388,409157.075,2.19014431001929,0.660622725516384,1.52952158450291,FALSE
E06000060,Buckinghamshire,2025->2026,435651,434698.811,-0.21856692627813,1.30313732318856,-1.52170424946669,FALSE
E06000024,North Somerset,2025->2026,175769,175377.359,-0.222815741114724,1.29138322284102,-1.51419896395574,FALSE
E06000030,Swindon,2025->2026,184962,184605.174,-0.192918545430953,1.30855665768839,-1.50147520311935,FALSE
E06000035,Medway,2025->2026,216766,215775.08,-0.457138112065514,1.04270936103766,-1.49984747310317,FALSE
E08000010,Wigan,2025->2026,266614,266052.078,-0.21076237556914,1.28701730265142,-1.49777967822056,FALSE
E07000221,Stratford-on-Avon,2025->2026,116838,117802.563,0.825555897909913,2.31371010163654,-1.48815420372663,FALSE
E07000045,Teignbridge,2025->2026,110186,112684.743,2.26774998638664,0.804151451692851,1.46359853469379,FALSE
E06000032,Luton,2025->2026,169408,169477.274,0.0408918114846779,1.48628920617732,-1.44539739469264,FALSE
E08000004,Oldham,2025->2026,180671,180085.78,-0.323914740052389,1.11157481233194,-1.43548955238433,FALSE
E06000041,Wokingham,2025->2026,139039,142882.453,2.7642985061745,1.347749896279,1.4165486098955,FALSE
E09000013,Hammersmith and Fulham,2025->2026,156070,159866.08,2.43229320176843,1.02259424389305,1.40969895787538,FALSE
E07000105,Ashford,2025->2026,107453,107775.245,0.299893907103521,1.70840563878308,-1.40851173167956,FALSE
E09000003,Barnet,2025->2026,305117,305710.6,0.194548320808119,1.60062290270973,-1.40607458190161,FALSE
E08000015,Wirral,2025->2026,253991,252765.013,-0.482689150402971,0.918316569341515,-1.40100571974449,FALSE
E08000035,Leeds,2025->2026,635754,651194.355,2.42866816410123,1.05350514575659,1.37516301834464,FALSE
E08000031,Wolverhampton,2025->2026,205100,204947.983,-0.07411847879083,1.28750236286147,-1.3616208416523,FALSE
E08000030,Walsall,2025->2026,215323,214595.189,-0.338008944701707,1.01907250806515,-1.35708145276686,FALSE
E07000245,West Suffolk,2025->2026,146212,145997.858,-0.146459934889043,1.18682080683536,-1.33328074172441,FALSE
E06000037,West Berkshire,2025->2026,125853,125202.131,-0.517166058814611,0.811849995193829,-1.32901605400844,FALSE
E07000202,Ipswich,2025->2026,103626,104917.6,1.24640534228866,-0.0775141733677653,1.32391951565642,FALSE
E07000110,Maidstone,2025->2026,144613,145337.53,0.501013048619492,1.82184132824214,-1.32082827962265,FALSE
E06000005,Darlington,2025->2026,87184,87165.337,-0.0214064507248701,1.2941829989112,-1.31558944963608,FALSE
E07000032,Amber Valley,2025->2026,103451,103332.159,-0.114876608249292,1.1954970428825,-1.31037365113179,FALSE
E07000242,East Hertfordshire,2025->2026,119227,119198.147,-0.0242000553566046,1.27798227150665,-1.30218232686326,FALSE
E06000033,Southend-on-Sea,2025->2026,140737,140080.129,-0.466736536944823,0.816370913444205,-1.28310745038903,FALSE
E06000058,"Bournemouth, Christchurch and Poole",2025->2026,317491,322863.521,1.69218056574831,0.427970981146105,1.26420958460221,FALSE
E08000037,Gateshead,2025->2026,155811,154808.179,-0.64361373715589,0.620114139839119,-1.26372787699501,FALSE
E06000049,Cheshire East,2025->2026,330472,331521.132,0.317464717131877,1.56809692723874,-1.25063221010686,FALSE
E07000012,South Cambridgeshire,2025->2026,131167,131859.144,0.527681505256661,1.7700212560322,-1.24233975077554,FALSE
E07000223,Adur,2025->2026,49785,50448.401,1.33253188711462,0.0995263022950832,1.23300558481954,FALSE
E07000131,Harborough,2025->2026,82313,82965.045,0.792153122836004,2.01542980724749,-1.22327668441149,FALSE
E07000107,Dartford,2025->2026,91303,91906.827,0.661344096031891,1.88072358912099,-1.2193794930891,FALSE
E07000064,Rother,2025->2026,76597,77992.6520000001,1.82207136049721,0.617974350688163,1.20409700980905,FALSE
E06000009,Blackpool,2025->2026,111002,110264.887,-0.664053800832443,0.536115914722024,-1.20016971555447,FALSE
E07000146,King's Lynn and West Norfolk,2025->2026,123507,125376.208,1.51344296274702,0.316184346230837,1.19725861651619,FALSE
E07000112,Folkestone and Hythe,2025->2026,88030,89619.883,1.80606952175391,0.609626252280263,1.19644326947364,FALSE
E07000034,Chesterfield,2025->2026,83427,83064.343,-0.434699797427729,0.75418564042861,-1.18888543785634,FALSE
E07000082,Stroud,2025->2026,98167,100215.603,2.08685505312378,0.912310209544764,1.17454484357902,FALSE
E07000144,Broadland,2025->2026,110032,110409.436,0.343023847608004,1.49126558590844,-1.14824173830044,FALSE
E08000014,Sefton,2025->2026,224209,223418.825,-0.35242786864047,0.783624586418164,-1.13605245505863,FALSE
E07000198,Staffordshire Moorlands,2025->2026,77114,76616.3020000001,-0.645405503540164,0.477462033289363,-1.12286753682953,FALSE
E07000091,New Forest,2025->2026,139866,141636.925,1.26615832296633,0.15492868973066,1.11122963323567,FALSE
E07000114,Thanet,2025->2026,111022,110750.629,-0.244429932806078,0.864531998000725,-1.1089619308068,FALSE
E07000199,Tamworth,2025->2026,62302,62170.851,-0.210505280729345,0.883845116598758,-1.0943503973281,FALSE
E07000088,Gosport,2025->2026,63901,63388.339,-0.802273829830547,0.291283052745957,-1.0935568825765,FALSE
E08000013,St. Helens,2025->2026,147076,146890.579,-0.126071554842355,0.959831945441506,-1.08590350028386,FALSE
E08000027,Dudley,2025->2026,252375,251543.209,-0.32958533927685,0.75565645625025,-1.0852417955271,FALSE
E07000224,Arun,2025->2026,137331,137591.836,0.189932353219624,1.2605860588945,-1.07065370567487,FALSE
E07000180,Vale of White Horse,2025->2026,114709,115997.831,1.12356571847023,2.18407242724172,-1.06050670877149,FALSE
E06000012,North East Lincolnshire,2025->2026,121870,121138.964,-0.599849019446985,0.455282433257579,-1.05513145270456,FALSE
E06000002,Middlesbrough,2025->2026,113349,115565.883,1.95580287430852,0.907874435895162,1.04792843841336,FALSE
E07000200,Babergh,2025->2026,77059,77291.967,0.302322895443741,1.34518073330788,-1.04285783786414,FALSE
E06000045,Southampton,2025->2026,198896,203255.347,2.1917720818921,1.1532502917569,1.0385217901352,FALSE
E07000213,Spelthorne,2025->2026,80998,80925.56,-0.0894343070199422,0.943108314399018,-1.03254262141896,FALSE
E08000002,Bury,2025->2026,149066,148761.945,-0.203973407752245,0.825282148287484,-1.02925555603973,FALSE
E09000026,Redbridge,2025->2026,237240,238216.584,0.411643904906467,1.43616672858713,-1.02452282368066,FALSE
E07000102,Three Rivers,2025->2026,71960,71799.445,-0.22311700944968,0.796920438642109,-1.02003744809179,FALSE
E07000106,Canterbury,2025->2026,124386,126580.683,1.76441319762672,0.751007387756101,1.01340580987062,FALSE
E07000083,Tewkesbury,2025->2026,79094,79973.078,1.11143449566335,2.11352978439704,-1.00209528873369,FALSE
E92000001,England,2025->2026,44958907,45003344,0.0988391466011374,1.0948842132133,-0.996045066612165,FALSE
E09000027,Richmond upon Thames,2025->2026,149136,151501.642,1.58623135929625,0.602702917207972,0.983528442088281,FALSE
E08000011,Knowsley,2025->2026,122949,123434.717,0.395055673490674,1.36947296753869,-0.974417294048021,FALSE
E07000037,High Peak,2025->2026,72401,73378.654,1.35033217773239,0.379617864435315,0.970714313297079,FALSE
E07000066,Basildon,2025->2026,142738,142387.706,-0.245410472333962,0.716734134481804,-0.962144606815766,FALSE
E07000115,Tonbridge and Malling,2025->2026,103141,103344.509,0.197311447436022,1.14957812996016,-0.952266682524135,FALSE
E08000021,Newcastle upon Tyne,2025->2026,244575,246943.286,0.968327098027189,1.91265850275132,-0.944331404724134,FALSE
E07000235,Malvern Hills,2025->2026,66638,66960.065,0.483305321288174,1.42319670308651,-0.939891381798337,FALSE
E07000208,Epsom and Ewell,2025->2026,62079,62052.605,-0.0425184039691606,0.889927788659802,-0.932446192628963,FALSE
E07000035,Derbyshire Dales,2025->2026,58382,59177.54,1.36264602103386,0.448630709207798,0.914015311826066,FALSE
E07000173,Gedling,2025->2026,93762,93747.541,-0.0154209594505295,0.898276830245563,-0.913697789696092,FALSE
E07000244,East Suffolk,2025->2026,198156,201130.755,1.50121873675286,0.605156157182329,0.896062579570534,FALSE
E09000032,Wandsworth,2025->2026,276504,282490.931,2.16522401122583,1.27431392459737,0.890910086628457,FALSE
E07000192,Cannock Chase,2025->2026,80771,80942.644,0.212506964133152,1.08626136026154,-0.873754396128386,FALSE
E07000099,North Hertfordshire,2025->2026,104391,104342.068,-0.0468737726432078,0.821680939812475,-0.868554712455683,FALSE
E09000029,Sutton,2025->2026,158478,160896.815,1.52627809538228,0.67074429960583,0.855533795776453,FALSE
E07000239,Wyre Forest,2025->2026,81828,81667.501,-0.196141907415537,0.655444466799282,-0.851586374214819,FALSE
E07000211,Reigate and Banstead,2025->2026,119210,119804.527,0.498722422615572,1.34941890528955,-0.850696482673974,FALSE
E07000238,Wychavon,2025->2026,109866,112248.542,2.16858900842849,1.32111226381171,0.847476744616782,FALSE
E07000170,Ashfield,2025->2026,99932,100009.086,0.0771384541488507,0.893969019046118,-0.816830564897268,FALSE
E06000056,Central Bedfordshire,2025->2026,242292,244985.264,1.11157776567119,1.92809405682886,-0.816516291157665,FALSE
E07000141,South Kesteven,2025->2026,114864,115028.873,0.1435375748712,0.956744133193436,-0.813206558322236,FALSE
E06000007,Warrington,2025->2026,165619,165241.077,-0.228188190968448,0.584413788589762,-0.81260197955821,FALSE
E07000119,Fylde,2025->2026,69949,70567.5340000001,0.884264249667699,1.68502877828198,-0.800764528614277,FALSE
E09000021,Kingston upon Thames,2025->2026,131345,133651.174,1.75581407742968,0.956552232738754,0.799261844690931,FALSE
E07000041,Exeter,2025->2026,107074,109259.388,2.04100715393092,1.26281765571573,0.778189498215187,FALSE
E07000070,Chelmsford,2025->2026,144509,145141.227,0.437500086499854,1.2128872562858,-0.775387169785942,FALSE
E08000033,Calderdale,2025->2026,160154,160092.115,-0.03864093310193,0.730925024706715,-0.769565957808645,FALSE
E07000072,Epping Forest,2025->2026,105324,105357.797,0.0320886027876055,0.790581789298487,-0.758493186510882,FALSE
E07000207,Elmbridge,2025->2026,104904,106436.701,1.46105105620378,0.705407476030088,0.755643580173689,FALSE
E07000176,Rushcliffe,2025->2026,97812,98757.325,0.966471394102997,1.70655508952779,-0.740083695424798,FALSE
E06000023,"Bristol, City of",2025->2026,386852,395774.074,2.30632748441257,1.57399519429261,0.73233229011996,FALSE
E07000078,Cheltenham,2025->2026,93555,94773.544,1.30248944471172,0.570449551507616,0.732039893204103,FALSE
E07000138,Lincoln,2025->2026,79368,80138.66,0.970995867352098,0.245958533785939,0.725037333566159,FALSE
E06000050,Cheshire West and Chester,2025->2026,291629,293264.152,0.560695952734513,1.2574253636085,-0.696729410873983,FALSE
E07000217,Woking,2025->2026,79946,79905.099,-0.0511607835288808,0.643596375228321,-0.694757158757201,FALSE
E06000057,Northumberland,2025->2026,265284,266486.69,0.453359418585375,1.13465656105602,-0.681297142470642,FALSE
E07000010,Fenland,2025->2026,82198,82275.013,0.0936920606340541,0.764032375176416,-0.670340314542361,FALSE
E06000003,Redcar and Cleveland,2025->2026,107979,107947.343,-0.0293177377082343,0.637645689616373,-0.666963427324607,FALSE
E08000006,Salford,2025->2026,225717,229162.964,1.52667455264777,2.19198635832677,-0.665311805679,FALSE
E07000210,Mole Valley,2025->2026,68582,69310.5540000001,1.06231081041679,0.404707351838278,0.657603458578511,FALSE
E07000080,Forest of Dean,2025->2026,70807,71104.294,0.419865267558284,1.07485304575097,-0.654987778192684,FALSE
E06000017,Rutland,2025->2026,32268,32683.547,1.28779905789018,0.671727185390803,0.61607187249938,FALSE
E07000229,Worthing,2025->2026,89294,90551.683,1.4084742535893,0.799637707310959,0.608836546278339,FALSE
E08000023,South Tyneside,2025->2026,116554,116500.102,-0.0462429431851597,0.562240183705254,-0.608483126890413,FALSE
E06000054,Wiltshire,2025->2026,406940,412918.45,1.46912321226715,0.865821248301775,0.603301963965378,FALSE
E07000033,Bolsover,2025->2026,66142,66589.55,0.676650237368093,1.25703359471563,-0.580383357347536,FALSE
E07000089,Hart,2025->2026,78767,79160.119,0.499090989881568,1.07193517563822,-0.572844185756656,FALSE
E07000087,Fareham,2025->2026,90667,90457.192,-0.231405031599152,0.336552743938475,-0.567957775537627,FALSE
E08000009,Trafford,2025->2026,177895,179964.608,1.16338739143875,0.599804068080208,0.563583323358544,FALSE
E07000116,Tunbridge Wells,2025->2026,89201,89558.457,0.400732054573383,0.963547119599902,-0.562815065026519,FALSE
E06000022,Bath and North East Somerset,2025->2026,153571,156014.487,1.5911122542668,1.04111218541012,0.550000068856682,FALSE
E09000024,Merton,2025->2026,168690,169396.737,0.418956073270471,0.966439413653593,-0.547483340383122,FALSE
E06000014,York,2025->2026,162941,163448.403,0.311402900436431,0.856068840906114,-0.544665940469683,FALSE
E09000014,Haringey,2025->2026,208986,211595.263,1.24853483008436,0.704625733603207,0.543909096481151,FALSE
E09000018,Hounslow,2025->2026,227075,229386.835,1.01809314103272,1.56094646938031,-0.542853328347596,FALSE
E07000113,Swale,2025->2026,121038,121914.005,0.723743782944197,1.26573788224555,-0.541994099301357,FALSE
E07000145,Great Yarmouth,2025->2026,78678,79397.405,0.914366150639312,0.385983963189836,0.528382187449476,FALSE
E08000029,Solihull,2025->2026,165236,166749.778,0.916130867365483,0.395737504487633,0.520393362877851,FALSE
E07000143,Breckland,2025->2026,116473,118334.874,1.5985455856723,1.0894204511989,0.509125134473394,FALSE
E07000077,Uttlesford,2025->2026,73081,74604.52,2.08470053775951,1.58570485588987,0.498995681869641,FALSE
E06000006,Halton,2025->2026,100608,100908.782,0.298964297073878,0.780778240514376,-0.481813943440498,FALSE
E09000005,Brent,2025->2026,270600,272672.867,0.766026237989648,1.23953130365257,-0.473505065662927,FALSE
E08000036,Wakefield,2025->2026,282421,286522.269,1.45218273428673,0.991966425006245,0.460216309280489,FALSE
E07000098,Hertsmere,2025->2026,82418,83325.4500000001,1.10103375476236,0.644258532853437,0.456775221908923,FALSE
E07000139,North Kesteven,2025->2026,96843,97474.339,0.651920118129379,1.10843744119302,-0.456517323063643,FALSE
E06000047,County Durham,2025->2026,419674,425387.587,1.36143458970532,0.906135248009591,0.455299341695733,FALSE
E09000025,Newham,2025->2026,286632,292182.975,1.93662082391357,2.39029161418444,-0.453670790270866,FALSE
E07000062,Hastings,2025->2026,70528,71049.113,0.738873922413807,0.288668842735174,0.450205079678634,FALSE
E06000066,Somerset,2025->2026,460305,466376.823,1.31908690976634,0.885966930912052,0.433119978854291,FALSE
E07000218,North Warwickshire,2025->2026,52493,53120.585,1.19555940792107,0.763654814452404,0.431904593468661,FALSE
E06000064,Westmorland and Furness,2025->2026,185404,185869.613,0.251134279735066,0.679612798493216,-0.42847851875815,FALSE
E06000055,Bedford,2025->2026,146819,148416.928,1.08836594718671,1.49416783302474,-0.405801885838031,FALSE
E07000234,Bromsgrove,2025->2026,77775,78619.892,1.08632851173252,0.681695069081386,0.404633442651129,FALSE
E06000036,Bracknell Forest,2025->2026,99169,99993.3569999999,0.831264810575827,1.23085953734284,-0.399594726767013,FALSE
E08000016,Barnsley,2025->2026,194384,195185.116,0.412130628035157,0.806159598111848,-0.394028970076691,FALSE
E09000010,Enfield,2025->2026,241272,243252.253,0.820755412977836,0.445469266372234,0.375286146605602,FALSE
E07000140,South Holland,2025->2026,78681,79340.189,0.837799468740874,1.20230317924048,-0.364503710499601,FALSE
E09000006,Bromley,2025->2026,254044,255039.213,0.391748279825532,0.739900413569365,-0.348152133743832,FALSE
E07000108,Dover,2025->2026,93976,94592.09,0.655582276325895,1.002126305187,-0.346544028861103,FALSE
E07000222,Warwick,2025->2026,121381,123382.11,1.6486188118404,1.30349240984891,0.345126401991484,FALSE
E07000177,Cherwell,2025->2026,131058,133505.872,1.86777762517361,1.52340699059512,0.344370634578484,FALSE
E07000134,North West Leicestershire,2025->2026,88154,89453.72,1.47437439027152,1.8162868356007,-0.341912445329181,FALSE
E06000025,South Gloucestershire,2025->2026,236287,240766.677,1.89586265854662,1.565582491358,0.33028016718862,FALSE
E08000025,Birmingham,2025->2026,846618,858030.234,1.3479791358086,1.01849106915377,0.32948806665483,FALSE
E06000059,Dorset,2025->2026,311484,315083.95,1.1557415469174,0.838205894609182,0.317535652308217,FALSE
E07000065,Wealden,2025->2026,131444,133309.784,1.41945162959127,1.1096212121144,0.309830417476875,FALSE
E08000007,Stockport,2025->2026,231495,232888.371,0.601901120974469,0.905650621721358,-0.30374950074689,FALSE
E07000174,Mansfield,2025->2026,87104,87382.783,0.32005763225571,0.621923725154542,-0.301866092898832,FALSE
E06000062,West Northamptonshire,2025->2026,336041,338705.509,0.792911876824576,1.07022303927747,-0.277311162452894,FALSE
E08000028,Sandwell,2025->2026,255138,256327.498,0.466217497981458,0.743407909437495,-0.277190411456037,FALSE
E07000137,East Lindsey,2025->2026,119431,120708.58,1.06972226641331,0.821898374263541,0.247823892149768,FALSE
E06000026,Plymouth,2025->2026,210177,211300,0.534311556450029,0.770232726782227,-0.235921170332198,FALSE
E07000036,Erewash,2025->2026,88888,89343.8780000001,0.512867878678858,0.277877014867171,0.234990863811687,FALSE
E07000069,Castle Point,2025->2026,69997,69931.498,-0.0935782962127263,0.125136564034641,-0.218714860247367,FALSE
E06000010,"Kingston upon Hull, City of",2025->2026,203917,205327.82,0.691859923400173,0.491688408313033,0.20017151508714,FALSE
E07000225,Chichester,2025->2026,102670,103597.036,0.902927827018618,1.10261791621182,-0.199690089193205,FALSE
E07000063,Lewes,2025->2026,80252,80831.668,0.72230972436822,0.879462118874027,-0.157152394505807,FALSE
E07000084,Basingstoke and Deane,2025->2026,148134,149897.659,1.1905835257267,1.03852634373508,0.15205718199162,FALSE
E09000031,Waltham Forest,2025->2026,216668,218876.693,1.01939049605844,1.16582766099551,-0.146437164937074,FALSE
E07000215,Tandridge,2025->2026,67804,68355.24,0.812990384048118,0.66776236002409,0.145228024024028,FALSE
E07000044,South Hams,2025->2026,73822,74624.264,1.08675462599228,1.22937196493989,-0.142617338947611,FALSE
E07000111,Sevenoaks,2025->2026,92035,92738.47,0.764350518824331,0.623447228206064,0.140903290618266,FALSE
E07000046,Torridge,2025->2026,56226,56694.769,0.833722832853123,0.967746500414742,-0.134023667561619,FALSE
E07000118,Chorley,2025->2026,94518,95622.842,1.1689223216742,1.03834080568786,0.130581515986343,FALSE
E07000061,Eastbourne,2025->2026,80985,81715.428,0.901929987034644,0.771951863682544,0.1299781233521,FALSE
E06000019,"Herefordshire, County of",2025->2026,152651,153997.664,0.882184853030754,0.776340529508916,0.105844323521838,FALSE
E07000236,Redditch,2025->2026,66778,66915.556,0.205989996705469,0.306949687399668,-0.100959690694199,FALSE
E09000011,Greenwich,2025->2026,230811,234615.452,1.64829752481461,1.54850160964723,0.0997959151673777,FALSE
E07000039,South Derbyshire,2025->2026,90748,92767.67,2.22558072905188,2.32263708476386,-0.0970563557119775,FALSE
E06000065,North Yorkshire,2025->2026,504685,510022.167,1.0575243964057,0.966662011922896,0.0908623844828002,FALSE
E06000043,Brighton and Hove,2025->2026,227697,230228.381,1.1117322582203,1.19787184673059,-0.0861395885102922,FALSE
E07000090,Havant,2025->2026,98461,99022.176,0.569947491900336,0.652457516148182,-0.0825100242478468,FALSE
E08000022,North Tyneside,2025->2026,167400,169153.524,1.04750537634402,0.971420552863914,0.0760848234801012,FALSE
E08000034,Kirklees,2025->2026,333945,336849.047,0.869618350327173,0.797261858443414,0.072356491883759,FALSE
E06000034,Thurrock,2025->2026,131196,132280.145,0.826355224244613,0.896587402403926,-0.0702321781593129,FALSE
E07000175,Newark and Sherwood,2025->2026,100434,101420.656,0.982392416910605,1.04357064883946,-0.0611782319288527,FALSE
E06000031,Peterborough,2025->2026,161920,163127.055,0.745463809288505,0.792603033387899,-0.0471392240993943,FALSE
E07000179,South Oxfordshire,2025->2026,121377,123097.01,1.41708066602404,1.46239700775502,-0.0453163417309794,FALSE
E06000013,North Lincolnshire,2025->2026,132188,132580.424,0.296868096952885,0.259706907426405,0.0371611895264801,FALSE
E07000197,Stafford,2025->2026,111936,113043.454,0.989363564894252,1.02338794009344,-0.0340243751991858,FALSE
E07000240,St Albans,2025->2026,110934,111705.223,0.695208862927466,0.728452489170447,-0.0332436262429811,FALSE
E07000181,West Oxfordshire,2025->2026,93683,94860.133,1.25650651665725,1.26391930337071,-0.00741278671345658,FALSE
E07000142,West Lindsey,2025->2026,78363,79189.809,1.05510125952297,1.05826272618492,-0.0031614666619495,FALSE
