file,dir,size,md5
disease_epi_l.fst,disease_epidemiology,123675201,fb8369196e0581c8d289fabb9a817bf5
informal_care_costs_l.fst,simulation/health_econ,53606100,e204d86232f3988d244c4e0b3821108a
productivity_costs_l.fst,simulation/health_econ,53338218,f3f1e01e297692b457b0219a5766705e
active_days_table.fst,lifecourse_models,160437309,bcb372c4a6829ae0e86b75147bbe51b1
af_dgn_table.fst,lifecourse_models,241431,c90b9c37e2a8be4bf45dad89018c5548
alcohol_table.fst,lifecourse_models,155202903,5cb660dabfe81782ba6eb220dfd1f8b9
bmi_table.fst,lifecourse_models,217731749,27403603329d2104266bead3a20d0369
bp_med_table.fst,lifecourse_models,120975705,d4ce2efa351931b1e658ed2c82c6c79c
chd_duration_table.fst,lifecourse_models,2349,52383c6f9b2c0fe0ebd401eb20c18f33
chd_prevalence_table.fst,lifecourse_models,5883,451880720cff206a88f244770872a5f7
ckd_table.fst,lifecourse_models,2954,1598eca9a686ffeeadcb804b28f7c1e1
copd_duration_table.fst,lifecourse_models,1801,8c4660f78027d5cd636123b468589807
copd_prevalence_dgn_table.fst,lifecourse_models,3087,fb4e490b0db9f445127f4e6f8469ba7e
copd_prevalence_table.fst,lifecourse_models,4528,e0bf45833dfee9ec0945d586466a015e
dm_dgn_table.fst,lifecourse_models,7223883,7dcb91caddcf758e884bfe95780fa6f8
dm_dur_table.fst,lifecourse_models,2473,16828625f7513dee749606ca019e592e
dm_table.fst,lifecourse_models,1553294,5db92103bd4d30182524472803f62851
education_table.fst,lifecourse_models,118017405,5f526d453096d2c33f3172492a88e469
education_table_for_imputation.fst,lifecourse_models,34543452,ee34747ba29691450b209d98c6a02e36
ethnicity_table.fst,lifecourse_models,4990854,b4f7979d1f9d92124a557108107e0617
ets_table.fst,lifecourse_models,62319746,9154cebc7b1cd16bcf6bb204976a3b06
exposure_corr_mc.fst,lifecourse_models,418460,8782a6d654d38d1d1fb58ed6a88089f6
exposure_corr_mean.fst,lifecourse_models,6630,47d2db2b82e14ad7b8e68bd57190022e
exposure_corr_sd.fst,lifecourse_models,6698,3725dabb438e24ea4e4fb6d245292676
famcvd_table.fst,lifecourse_models,121135,9c2df1b308f332d1b20c56c6306e9f75
frtpor_table.fst,lifecourse_models,44620751,a2ca6b95f19fde5bbecb9b7e43d8cba6
hdl_to_tchol_table.fst,lifecourse_models,42789465,5577c6181a572cb5232e8fa711723fde
history_of_cancer.fst,lifecourse_models,4445,6b9f75563c1a8c43c1ba3b3539124def
income_table.fst,lifecourse_models,13367326,81d9aac46b53ed2d7c5e21bb4661fee4
mortality_projections.fst,lifecourse_models,43001605,1663c1eae7895a1a24ae13ca507554b9
mortality_projections_indx.fst,lifecourse_models,633,4f254367144c2edb720788e522f1856f
sbp_table.fst,lifecourse_models,150020988,287278bde02e0a29c6d169d8188d4ee7
smok_cess_table.fst,lifecourse_models,6224698,743f01eb14f0ae89a24f7422f552e321
smok_cig_curr_table.fst,lifecourse_models,38695536,4b714cb6bd0760690e13afbac1f2e529
smok_cig_ex_table.fst,lifecourse_models,38826101,93a4a50320affa57dff764905e3fe4fe
smok_dur_curr_table.fst,lifecourse_models,26522023,a6969973f3bf6959d1f222536f2818c0
smok_dur_ex_table.fst,lifecourse_models,49813966,0327a90273782c203ce13b1f12c417cd
smok_incid_table.fst,lifecourse_models,10179215,3e5825acd6b06760f2b29868bd4911af
smok_quit_yrs_table.fst,lifecourse_models,24097338,61bb1109900aff0302d05e48be35d28a
smok_relapse_table.fst,lifecourse_models,2346,7265ce189007d83a69826c2cebc1d80b
smok_status_table.fst,lifecourse_models,47316491,b53ff2d75f21e789bd7357ce5c066630
statin_px_table.fst,lifecourse_models,126944379,ce35d3b9153bdf316682517bc0308d86
stroke_duration_table.fst,lifecourse_models,1497,adf53dc6407de89894e77c00b6e59a46
stroke_prevalence_table.fst,lifecourse_models,5810,6e1a95f569bf990f82c2337aa53a084a
tchol_table.fst,lifecourse_models,42025765,4d751c9ce6ae7c7a773e8cc01ad1d9cc
vegpor_table.fst,lifecourse_models,28266320,b72e33892a807f8111faef45066725a7
