sex,age,eq5d_r,informal_care_cost
men,16,0,12546.83594
men,17,0,12713.70802
men,18,0,12879.42741
men,19,0,13043.9311
men,20,0,13207.15945
men,21,0,13369.05623
men,22,0,13529.56872
men,23,0,13688.64767
men,24,0,13846.24739
men,25,0,14002.32571
men,26,0,14156.84394
men,27,0,14309.76685
men,28,0,14461.06257
men,29,0,14610.70252
men,30,0,14758.66128
men,31,0,14904.91651
men,32,0,15049.44873
men,33,0,15192.24122
men,34,0,15333.2798
men,35,0,15472.55269
men,36,0,15610.05022
men,37,0,15745.76472
men,38,0,15879.69018
men,39,0,16011.82211
men,40,0,16142.15724
men,41,0,16270.69328
men,42,0,16397.42868
men,43,0,16522.36234
men,44,0,16645.49339
men,45,0,16766.8209
men,46,0,16886.34363
men,47,0,17004.05977
men,48,0,17119.96669
men,49,0,17234.06068
men,50,0,17346.33671
men,51,0,17456.78821
men,52,0,17565.40682
men,53,0,17672.18218
men,54,0,17777.10173
men,55,0,17880.15047
men,56,0,17981.31086
men,57,0,18080.56257
men,58,0,18177.88234
men,59,0,18273.24389
men,60,0,18366.61771
men,61,0,18457.97102
men,62,0,18547.26767
men,63,0,18634.46803
men,64,0,18719.52896
men,65,0,18802.40377
men,66,0,18883.04223
men,67,0,18961.39054
men,68,0,19037.39136
men,69,0,19110.98391
men,70,0,19182.10395
men,71,0,19250.68396
men,72,0,19316.6532
men,73,0,19379.93787
men,74,0,19440.46125
men,75,0,19498.1439
men,76,0,19552.90386
men,77,0,19604.65684
men,78,0,19653.31652
men,79,0,19698.79476
men,80,0,19741.00194
men,81,0,19779.84719
men,82,0,19815.23877
men,83,0,19847.0844
men,84,0,19875.29158
men,85,0,19899.76797
men,86,0,19920.42178
men,87,0,19937.16213
men,88,0,19949.89946
men,89,0,19958.54595
men,90,0,19963.01586
men,91,0,19963.22601
men,92,0,19959.09615
men,93,0,19950.54934
men,94,0,19937.5124
men,95,0,19919.91626
men,96,0,19897.69632
men,97,0,19870.79287
men,98,0,19839.15139
men,99,0,19802.72293
men,100,0,19761.46435
women,16,0,12616.24037
women,17,0,12796.21783
women,18,0,12975.46243
women,19,0,13153.89497
women,20,0,13331.4378
women,21,0,13508.01491
women,22,0,13683.55209
women,23,0,13857.97692
women,24,0,14031.21892
women,25,0,14203.20953
women,26,0,14373.88222
women,27,0,14543.17248
women,28,0,14711.01782
women,29,0,14877.3578
women,30,0,15042.13403
women,31,0,15205.29009
women,32,0,15366.77153
women,33,0,15526.52582
women,34,0,15684.50227
women,35,0,15840.65193
women,36,0,15994.92757
women,37,0,16147.28352
women,38,0,16297.67558
women,39,0,16446.06092
women,40,0,16592.39792
women,41,0,16736.6461
women,42,0,16878.7659
women,43,0,17018.71861
women,44,0,17156.46619
women,45,0,17291.97111
women,46,0,17425.19625
women,47,0,17556.10468
women,48,0,17684.65958
women,49,0,17810.82401
women,50,0,17934.56086
women,51,0,18055.83262
women,52,0,18174.60131
women,53,0,18290.8283
women,54,0,18404.47423
women,55,0,18515.49884
women,56,0,18623.86093
women,57,0,18729.5182
women,58,0,18832.4272
women,59,0,18932.54325
women,60,0,19029.82037
women,61,0,19124.21124
women,62,0,19215.66716
women,63,0,19304.13802
women,64,0,19389.57231
women,65,0,19471.9171
women,66,0,19551.1181
women,67,0,19627.11967
women,68,0,19699.86489
women,69,0,19769.29563
women,70,0,19835.35261
women,71,0,19897.97556
women,72,0,19957.10326
women,73,0,20012.67375
women,74,0,20064.62441
women,75,0,20112.89218
women,76,0,20157.4137
women,77,0,20198.12551
women,78,0,20234.96424
women,79,0,20267.86684
women,80,0,20296.7708
women,81,0,20321.61439
women,82,0,20342.33685
women,83,0,20358.87871
women,84,0,20371.18201
women,85,0,20379.19054
women,86,0,20382.85013
women,87,0,20382.10891
women,88,0,20376.91754
women,89,0,20367.22951
women,90,0,20353.00138
women,91,0,20334.19303
women,92,0,20310.7679
women,93,0,20282.69326
women,94,0,20249.94038
women,95,0,20212.48482
women,96,0,20170.30657
women,97,0,20123.39028
women,98,0,20071.72542
women,99,0,20015.30646
women,100,0,19954.13297
men,16,0.05,11844.60341
men,17,0.05,11996.31754
men,18,0.05,12146.75704
men,19,0.05,12295.87102
men,20,0.05,12443.61249
men,21,0.05,12589.93846
men,22,0.05,12734.80994
men,23,0.05,12878.19195
men,24,0.05,13020.05347
men,25,0.05,13160.36745
men,26,0.05,13299.1107
men,27,0.05,13436.2638
men,28,0.05,13571.811
men,29,0.05,13705.74009
men,30,0.05,13838.04224
men,31,0.05,13968.71183
men,32,0.05,14097.74626
men,33,0.05,14225.14574
men,34,0.05,14350.9131
men,35,0.05,14475.05351
men,36,0.05,14597.57429
men,37,0.05,14718.48461
men,38,0.05,14837.79525
men,39,0.05,14955.51833
men,40,0.05,15071.66703
men,41,0.05,15186.25529
men,42,0.05,15299.29757
men,43,0.05,15410.80854
men,44,0.05,15520.80277
men,45,0.05,15629.29449
men,46,0.05,15736.2973
men,47,0.05,15841.82387
men,48,0.05,15945.88568
men,49,0.05,16048.49277
men,50,0.05,16149.65343
men,51,0.05,16249.37403
men,52,0.05,16347.6587
men,53,0.05,16444.50912
men,54,0.05,16539.92434
men,55,0.05,16633.90051
men,56,0.05,16726.43072
men,57,0.05,16817.50479
men,58,0.05,16907.10915
men,59,0.05,16995.22661
men,60,0.05,17081.83628
men,61,0.05,17166.91343
men,62,0.05,17250.42937
men,63,0.05,17332.3514
men,64,0.05,17412.64266
men,65,0.05,17491.26219
men,66,0.05,17568.1648
men,67,0.05,17643.3011
men,68,0.05,17716.61753
men,69,0.05,17788.05634
men,70,0.05,17857.55568
men,71,0.05,17925.04965
men,72,0.05,17990.46843
men,73,0.05,18053.73834
men,74,0.05,18114.78205
men,75,0.05,18173.51869
men,76,0.05,18229.86407
men,77,0.05,18283.73088
men,78,0.05,18335.02891
men,79,0.05,18383.66534
men,80,0.05,18429.54498
men,81,0.05,18472.57058
men,82,0.05,18512.64318
men,83,0.05,18549.66239
men,84,0.05,18583.52683
men,85,0.05,18614.13441
men,86,0.05,18641.3828
men,87,0.05,18665.16978
men,88,0.05,18685.39371
men,89,0.05,18701.95391
men,90,0.05,18714.75111
men,91,0.05,18723.68791
men,92,0.05,18728.66921
men,93,0.05,18729.60266
men,94,0.05,18726.39911
men,95,0.05,18718.97303
men,96,0.05,18707.24297
men,97,0.05,18691.13198
men,98,0.05,18670.568
men,99,0.05,18645.48427
men,100,0.05,18615.81973
women,16,0.05,11982.44162
women,17,0.05,12149.80178
women,18,0.05,12316.33597
women,19,0.05,12481.97332
women,20,0.05,12646.64501
women,21,0.05,12810.28432
women,22,0.05,12972.82676
women,23,0.05,13134.21012
women,24,0.05,13294.3745
women,25,0.05,13453.26239
women,26,0.05,13610.81864
women,27,0.05,13766.99051
women,28,0.05,13921.72763
women,29,0.05,14074.98198
women,30,0.05,14226.70788
women,31,0.05,14376.8619
women,32,0.05,14525.4028
women,33,0.05,14672.29146
women,34,0.05,14817.49075
women,35,0.05,14960.96549
women,36,0.05,15102.68224
women,37,0.05,15242.60926
women,38,0.05,15380.71628
women,39,0.05,15516.97442
women,40,0.05,15651.35602
women,41,0.05,15783.83444
women,42,0.05,15914.38393
women,43,0.05,16042.97942
women,44,0.05,16169.5964
women,45,0.05,16294.21066
women,46,0.05,16416.79817
women,47,0.05,16537.3349
women,48,0.05,16655.79659
women,49,0.05,16772.15862
women,50,0.05,16886.39582
women,51,0.05,16998.48232
women,52,0.05,17108.39134
women,53,0.05,17216.09508
women,54,0.05,17321.56457
women,55,0.05,17424.76949
women,56,0.05,17525.6781
women,57,0.05,17624.25706
women,58,0.05,17720.47138
women,59,0.05,17814.2843
women,60,0.05,17905.65718
women,61,0.05,17994.54949
women,62,0.05,18080.91873
women,63,0.05,18164.72038
women,64,0.05,18245.90789
women,65,0.05,18324.43268
women,66,0.05,18400.24415
women,67,0.05,18473.28971
women,68,0.05,18543.5148
women,69,0.05,18610.86299
women,70,0.05,18675.27603
women,71,0.05,18736.69397
women,72,0.05,18795.05525
women,73,0.05,18850.29685
women,74,0.05,18902.35445
women,75,0.05,18951.16253
women,76,0.05,18996.65465
women,77,0.05,19038.76356
women,78,0.05,19077.42145
women,79,0.05,19112.56016
women,80,0.05,19144.11144
women,81,0.05,19172.00715
women,82,0.05,19196.17958
women,83,0.05,19216.56166
women,84,0.05,19233.08728
women,85,0.05,19245.69155
women,86,0.05,19254.31109
women,87,0.05,19258.88433
women,88,0.05,19259.35181
women,89,0.05,19255.65643
women,90,0.05,19247.74381
women,91,0.05,19235.56252
women,92,0.05,19219.06441
women,93,0.05,19198.20485
women,94,0.05,19172.94302
women,95,0.05,19143.24216
women,96,0.05,19109.06985
women,97,0.05,19070.39818
women,98,0.05,19027.20402
women,99,0.05,18979.46922
women,100,0.05,18927.18076
men,16,0.1,11147.39905
men,17,0.1,11283.67521
men,18,0.1,11418.55737
men,19,0.1,11552.0079
men,20,0.1,11683.99367
men,21,0.1,11814.48603
men,22,0.1,11943.46082
men,23,0.1,12070.8983
men,24,0.1,12196.78312
men,25,0.1,12321.10418
men,26,0.1,12443.85455
men,27,0.1,12565.03133
men,28,0.1,12684.63546
men,29,0.1,12802.67158
men,30,0.1,12919.14783
men,31,0.1,13034.07557
men,32,0.1,13147.46924
men,33,0.1,13259.34606
men,34,0.1,13369.72577
men,35,0.1,13478.63039
men,36,0.1,13586.08391
men,37,0.1,13692.11202
men,38,0.1,13796.74182
men,39,0.1,13900.00152
men,40,0.1,14001.92013
men,41,0.1,14102.52716
men,42,0.1,14201.85232
men,43,0.1,14299.92523
men,44,0.1,14396.7751
men,45,0.1,14492.43044
men,46,0.1,14586.91878
men,47,0.1,14680.26637
men,48,0.1,14772.4979
men,49,0.1,14863.63623
men,50,0.1,14953.70211
men,51,0.1,15042.71398
men,52,0.1,15130.68762
men,53,0.1,15217.63604
men,54,0.1,15303.56913
men,55,0.1,15388.49354
men,56,0.1,15472.41242
men,57,0.1,15555.32528
men,58,0.1,15637.22775
men,59,0.1,15718.11146
men,60,0.1,15797.96391
men,61,0.1,15876.76828
men,62,0.1,15954.50336
men,63,0.1,16031.1434
men,64,0.1,16106.65809
men,65,0.1,16181.01245
men,66,0.1,16254.16676
men,67,0.1,16326.07658
men,68,0.1,16396.6927
men,69,0.1,16465.96118
men,70,0.1,16533.82334
men,71,0.1,16600.21583
men,72,0.1,16665.0707
men,73,0.1,16728.31551
men,74,0.1,16789.8734
men,75,0.1,16849.66328
men,76,0.1,16907.59996
men,77,0.1,16963.59437
men,78,0.1,17017.55371
men,79,0.1,17069.38176
men,80,0.1,17118.97908
men,81,0.1,17166.24334
men,82,0.1,17211.06957
men,83,0.1,17253.35056
men,84,0.1,17292.97713
men,85,0.1,17329.83859
men,86,0.1,17363.82304
men,87,0.1,17394.81788
men,88,0.1,17422.71016
men,89,0.1,17447.38706
men,90,0.1,17468.73633
men,91,0.1,17486.6468
men,92,0.1,17501.0088
men,93,0.1,17511.71469
men,94,0.1,17518.65934
men,95,0.1,17521.7406
men,96,0.1,17520.8598
men,97,0.1,17515.92224
men,98,0.1,17506.83765
men,99,0.1,17493.52068
men,100,0.1,17475.8913
women,16,0.1,11359.18071
women,17,0.1,11513.75149
women,18,0.1,11667.3963
women,19,0.1,11820.05326
women,20,0.1,11971.66307
women,21,0.1,12122.169
women,22,0.1,12271.51703
women,23,0.1,12419.65587
women,24,0.1,12566.53697
women,25,0.1,12712.11456
women,26,0.1,12856.34565
women,27,0.1,12999.18999
women,28,0.1,13140.61005
women,29,0.1,13280.57094
women,30,0.1,13419.04038
women,31,0.1,13555.98856
women,32,0.1,13691.3881
women,33,0.1,13825.2139
women,34,0.1,13957.44299
women,35,0.1,14088.05443
women,36,0.1,14217.02913
women,37,0.1,14344.34972
women,38,0.1,14470.00031
women,39,0.1,14593.96637
women,40,0.1,14716.23452
women,41,0.1,14836.79233
women,42,0.1,14955.6281
women,43,0.1,15072.73071
women,44,0.1,15188.08935
women,45,0.1,15301.69336
women,46,0.1,15413.53199
women,47,0.1,15523.59421
women,48,0.1,15631.86848
women,49,0.1,15738.34261
women,50,0.1,15843.00347
women,51,0.1,15945.83689
women,52,0.1,16046.8274
women,53,0.1,16145.9581
women,54,0.1,16243.21047
women,55,0.1,16338.56424
women,56,0.1,16431.99719
women,57,0.1,16523.48505
women,58,0.1,16613.00137
women,59,0.1,16700.51741
women,60,0.1,16786.00204
women,61,0.1,16869.42162
women,62,0.1,16950.74001
women,63,0.1,17029.91844
women,64,0.1,17106.91553
women,65,0.1,17181.68722
women,66,0.1,17254.18681
women,67,0.1,17324.36496
women,68,0.1,17392.16973
women,69,0.1,17457.5466
women,70,0.1,17520.43859
women,71,0.1,17580.7863
women,72,0.1,17638.52807
women,73,0.1,17693.60006
women,74,0.1,17745.9364
women,75,0.1,17795.46938
women,76,0.1,17842.1296
women,77,0.1,17885.8462
women,78,0.1,17926.54702
women,79,0.1,17964.15889
women,80,0.1,17998.60783
women,81,0.1,18029.81934
women,82,0.1,18057.71865
women,83,0.1,18082.23101
women,84,0.1,18103.28201
women,85,0.1,18120.79782
women,86,0.1,18134.70559
women,87,0.1,18144.93369
women,88,0.1,18151.41209
women,89,0.1,18154.07265
women,90,0.1,18152.84947
women,91,0.1,18147.67919
women,92,0.1,18138.50135
women,93,0.1,18125.25869
women,94,0.1,18107.89744
women,95,0.1,18086.36768
women,96,0.1,18060.62356
women,97,0.1,18030.62365
women,98,0.1,17996.33117
women,99,0.1,17957.71425
women,100,0.1,17914.74614
men,16,0.15,10453.11394
men,17,0.15,10573.70017
men,18,0.15,10692.7825
men,19,0.15,10810.33789
men,20,0.15,10926.34826
men,21,0.15,11040.80043
men,22,0.15,11153.6861
men,23,0.15,11265.00169
men,24,0.15,11374.74828
men,25,0.15,11482.93143
men,26,0.15,11589.56101
men,27,0.15,11694.65103
men,28,0.15,11798.21941
men,29,0.15,11900.28776
men,30,0.15,12000.88114
men,31,0.15,12100.02778
men,32,0.15,12197.75883
men,33,0.15,12294.10807
men,34,0.15,12389.11161
men,35,0.15,12482.80758
men,36,0.15,12575.23584
men,37,0.15,12666.43768
men,38,0.15,12756.45546
men,39,0.15,12845.33234
men,40,0.15,12933.11196
men,41,0.15,13019.83809
men,42,0.15,13105.55437
men,43,0.15,13190.30395
men,44,0.15,13274.12924
men,45,0.15,13357.07159
men,46,0.15,13439.17097
men,47,0.15,13520.46574
men,48,0.15,13600.99234
men,49,0.15,13680.78503
men,50,0.15,13759.87565
men,51,0.15,13838.29331
men,52,0.15,13916.06425
men,53,0.15,13993.21151
men,54,0.15,14069.75478
men,55,0.15,14145.71014
men,56,0.15,14221.08991
men,57,0.15,14295.90242
men,58,0.15,14370.15187
men,59,0.15,14443.83814
men,60,0.15,14516.95665
men,61,0.15,14589.4982
men,62,0.15,14661.44891
men,63,0.15,14732.79002
men,64,0.15,14803.49784
men,65,0.15,14873.54367
men,66,0.15,14942.89373
men,67,0.15,15011.50909
men,68,0.15,15079.34563
men,69,0.15,15146.35408
men,70,0.15,15212.47993
men,71,0.15,15277.66353
men,72,0.15,15341.84009
men,73,0.15,15404.93975
men,74,0.15,15466.88766
men,75,0.15,15527.60408
men,76,0.15,15587.00452
men,77,0.15,15644.99987
men,78,0.15,15701.49661
men,79,0.15,15756.39696
men,80,0.15,15809.59915
men,81,0.15,15860.99765
men,82,0.15,15910.48346
men,83,0.15,15957.94439
men,84,0.15,16003.26541
men,85,0.15,16046.32899
men,86,0.15,16087.01549
men,87,0.15,16125.20355
men,88,0.15,16160.77051
men,89,0.15,16193.59288
men,90,0.15,16223.54676
men,91,0.15,16250.50837
men,92,0.15,16274.35453
men,93,0.15,16294.96317
men,94,0.15,16312.21382
men,95,0.15,16325.9882
men,96,0.15,16336.17072
men,97,0.15,16342.64901
men,98,0.15,16345.31447
men,99,0.15,16344.06278
men,100,0.15,16338.79445
women,16,0.15,10744.09204
women,17,0.15,10885.65834
women,18,0.15,11026.19398
women,19,0.15,11165.64691
women,20,0.15,11303.96814
women,21,0.15,11441.1118
women,22,0.15,11577.03515
women,23,0.15,11711.69863
women,24,0.15,11845.06587
women,25,0.15,11977.10365
women,26,0.15,12107.78189
women,27,0.15,12237.07358
women,28,0.15,12364.95474
women,29,0.15,12491.40428
women,30,0.15,12616.40394
women,31,0.15,12739.93815
women,32,0.15,12861.99391
women,33,0.15,12982.56061
women,34,0.15,13101.62989
women,35,0.15,13219.19545
women,36,0.15,13335.25287
women,37,0.15,13449.79941
women,38,0.15,13562.83381
women,39,0.15,13674.35605
women,40,0.15,13784.36716
women,41,0.15,13892.86898
women,42,0.15,13999.86395
women,43,0.15,14105.35483
women,44,0.15,14209.34454
women,45,0.15,14311.83584
women,46,0.15,14412.8312
women,47,0.15,14512.33246
women,48,0.15,14610.3407
women,49,0.15,14706.85595
women,50,0.15,14801.87703
women,51,0.15,14895.40129
women,52,0.15,14987.42442
women,53,0.15,15077.94029
women,54,0.15,15166.94073
women,55,0.15,15254.41535
women,56,0.15,15340.35142
women,57,0.15,15424.73366
women,58,0.15,15507.54413
women,59,0.15,15588.76214
women,60,0.15,15668.36405
women,61,0.15,15746.32325
women,62,0.15,15822.61004
women,63,0.15,15897.19157
women,64,0.15,15970.0318
women,65,0.15,16041.09144
women,66,0.15,16110.32797
women,67,0.15,16177.69559
women,68,0.15,16243.14529
women,69,0.15,16306.62488
women,70,0.15,16368.07902
women,71,0.15,16427.44929
women,72,0.15,16484.67436
women,73,0.15,16539.68999
women,74,0.15,16592.42928
women,75,0.15,16642.82273
women,76,0.15,16690.79847
women,77,0.15,16736.28245
women,78,0.15,16779.19859
women,79,0.15,16819.4691
women,80,0.15,16857.01466
women,81,0.15,16891.75471
women,82,0.15,16923.6077
women,83,0.15,16952.49144
women,84,0.15,16978.32336
women,85,0.15,17001.02083
women,86,0.15,17020.50152
women,87,0.15,17036.68373
women,88,0.15,17049.48673
women,89,0.15,17058.83111
women,90,0.15,17064.63916
women,91,0.15,17066.83523
women,92,0.15,17065.34606
women,93,0.15,17060.1012
women,94,0.15,17051.03329
women,95,0.15,17038.07846
women,96,0.15,17021.17669
women,97,0.15,17000.27208
women,98,0.15,16975.3132
women,99,0.15,16946.25341
women,100,0.15,16913.05112
men,16,0.2,9760.161576
men,17,0.2,9864.881256
men,18,0.2,9968.005378
men,19,0.2,10069.52672
men,20,0.2,10169.44337
men,21,0.2,10267.75862
men,22,0.2,10364.48083
men,23,0.2,10459.62327
men,24,0.2,10553.20393
men,25,0.2,10645.24535
men,26,0.2,10735.77435
men,27,0.2,10824.82181
men,28,0.2,10912.4224
men,29,0.2,10998.6143
men,30,0.2,11083.43892
men,31,0.2,11166.94058
men,32,0.2,11249.16625
men,33,0.2,11330.16516
men,34,0.2,11409.98855
men,35,0.2,11488.6893
men,36,0.2,11566.32163
men,37,0.2,11642.94077
men,38,0.2,11718.60263
men,39,0.2,11793.3635
men,40,0.2,11867.27971
men,41,0.2,11940.40733
men,42,0.2,12012.80189
men,43,0.2,12084.51803
men,44,0.2,12155.60926
men,45,0.2,12226.12765
men,46,0.2,12296.12357
men,47,0.2,12365.64542
men,48,0.2,12434.73935
men,49,0.2,12503.44906
men,50,0.2,12571.81553
men,51,0.2,12639.87679
men,52,0.2,12707.6677
men,53,0.2,12775.21976
men,54,0.2,12842.56087
men,55,0.2,12909.71518
men,56,0.2,12976.70286
men,57,0.2,13043.53997
men,58,0.2,13110.23825
men,59,0.2,13176.805
men,60,0.2,13243.24292
men,61,0.2,13309.54994
men,62,0.2,13375.71917
men,63,0.2,13441.73868
men,64,0.2,13507.59147
men,65,0.2,13573.25536
men,66,0.2,13638.70287
men,67,0.2,13703.90119
men,68,0.2,13768.8121
men,69,0.2,13833.39193
men,70,0.2,13897.59151
men,71,0.2,13961.3562
men,72,0.2,14024.62586
men,73,0.2,14087.33488
men,74,0.2,14149.41219
men,75,0.2,14210.78139
men,76,0.2,14271.36076
men,77,0.2,14331.06339
men,78,0.2,14389.79732
men,79,0.2,14447.46566
men,80,0.2,14503.96681
men,81,0.2,14559.19462
men,82,0.2,14613.03863
men,83,0.2,14665.38433
men,84,0.2,14716.11348
men,85,0.2,14765.10435
men,86,0.2,14812.23214
men,87,0.2,14857.36927
men,88,0.2,14900.38586
men,89,0.2,14941.1501
men,90,0.2,14979.5287
men,91,0.2,15015.3874
men,92,0.2,15048.59143
men,93,0.2,15079.00607
men,94,0.2,15106.49713
men,95,0.2,15130.93156
men,96,0.2,15152.17798
men,97,0.2,15170.10728
men,98,0.2,15184.59318
men,99,0.2,15195.51283
men,100,0.2,15202.74739
women,16,0.2,10134.91052
women,17,0.2,10263.23182
women,18,0.2,10390.41653
women,19,0.2,10516.4234
women,20,0.2,10641.21472
women,21,0.2,10764.75636
women,22,0.2,10887.0178
women,23,0.2,11007.97211
women,24,0.2,11127.5959
women,25,0.2,11245.86932
women,26,0.2,11362.77594
women,27,0.2,11478.30269
women,28,0.2,11592.43974
women,29,0.2,11705.1804
women,30,0.2,11816.52091
women,31,0.2,11926.46037
women,32,0.2,12035.00049
women,33,0.2,12142.14544
women,34,0.2,12247.90167
women,35,0.2,12352.27765
women,36,0.2,12455.28366
women,37,0.2,12556.9316
women,38,0.2,12657.23472
women,39,0.2,12756.20738
women,40,0.2,12853.86481
women,41,0.2,12950.22286
women,42,0.2,13045.29774
women,43,0.2,13139.1058
women,44,0.2,13231.66323
women,45,0.2,13322.98582
women,46,0.2,13413.08876
women,47,0.2,13501.98633
women,48,0.2,13589.6917
women,49,0.2,13676.21669
women,50,0.2,13761.57154
women,51,0.2,13845.76466
women,52,0.2,13928.80248
women,53,0.2,14010.68918
women,54,0.2,14091.42655
women,55,0.2,14171.01377
women,56,0.2,14249.44723
women,57,0.2,14326.72042
women,58,0.2,14402.82372
women,59,0.2,14477.74429
women,60,0.2,14551.46596
women,61,0.2,14623.96909
women,62,0.2,14695.23049
women,63,0.2,14765.22334
women,64,0.2,14833.91713
women,65,0.2,14901.27761
women,66,0.2,14967.26672
women,67,0.2,15031.84265
women,68,0.2,15094.95978
women,69,0.2,15156.56871
women,70,0.2,15216.61635
women,71,0.2,15275.04591
women,72,0.2,15331.79702
women,73,0.2,15386.8058
women,74,0.2,15440.00503
women,75,0.2,15491.32422
women,76,0.2,15540.68982
women,77,0.2,15588.02538
women,78,0.2,15633.25173
women,79,0.2,15676.28724
women,80,0.2,15717.04802
women,81,0.2,15755.4482
women,82,0.2,15791.4002
women,83,0.2,15824.81502
women,84,0.2,15855.60255
women,85,0.2,15883.67192
women,86,0.2,15908.93179
women,87,0.2,15931.29077
women,88,0.2,15950.65774
women,89,0.2,15966.94224
women,90,0.2,15980.05485
women,91,0.2,15989.90761
women,92,0.2,15996.41438
women,93,0.2,15999.49125
women,94,0.2,15999.05695
women,95,0.2,15995.03323
women,96,0.2,15987.34525
women,97,0.2,15975.92198
women,98,0.2,15960.69657
women,99,0.2,15941.60666
women,100,0.2,15918.5948
men,16,0.25,9067.692692
men,17,0.25,9156.501337
men,18,0.25,9243.651088
men,19,0.25,9329.151588
men,20,0.25,9413.017938
men,21,0.25,9495.270521
men,22,0.25,9575.934798
men,23,0.25,9655.041082
men,24,0.25,9732.624292
men,25,0.25,9808.723687
men,26,0.25,9883.382577
men,27,0.25,9956.648034
men,28,0.25,10028.57057
men,29,0.25,10099.20385
men,30,0.25,10168.6043
men,31,0.25,10236.83085
men,32,0.25,10303.94458
men,33,0.25,10370.00833
men,34,0.25,10435.08646
men,35,0.25,10499.24444
men,36,0.25,10562.54857
men,37,0.25,10625.06563
men,38,0.25,10686.8626
men,39,0.25,10748.00632
men,40,0.25,10808.5632
men,41,0.25,10868.59893
men,42,0.25,10928.17822
men,43,0.25,10987.3645
men,44,0.25,11046.21965
men,45,0.25,11104.8038
men,46,0.25,11163.17504
men,47,0.25,11221.3892
men,48,0.25,11279.49962
men,49,0.25,11337.55695
men,50,0.25,11395.60895
men,51,0.25,11453.70027
men,52,0.25,11511.87227
men,53,0.25,11570.16282
men,54,0.25,11628.60619
men,55,0.25,11687.23279
men,56,0.25,11746.06909
men,57,0.25,11805.1374
men,58,0.25,11864.45577
men,59,0.25,11924.03782
men,60,0.25,11983.89262
men,61,0.25,12044.02455
men,62,0.25,12104.43316
men,63,0.25,12165.11307
men,64,0.25,12226.05387
men,65,0.25,12287.23998
men,66,0.25,12348.65056
men,67,0.25,12410.25946
men,68,0.25,12472.03508
men,69,0.25,12533.94034
men,70,0.25,12595.93258
men,71,0.25,12657.96356
men,72,0.25,12719.97939
men,73,0.25,12781.92048
men,74,0.25,12843.72161
men,75,0.25,12905.31186
men,76,0.25,12966.61467
men,77,0.25,13027.5479
men,78,0.25,13088.02384
men,79,0.25,13147.94939
men,80,0.25,13207.22607
men,81,0.25,13265.75025
men,82,0.25,13323.41324
men,83,0.25,13380.10153
men,84,0.25,13435.69699
men,85,0.25,13490.07714
men,86,0.25,13543.11542
men,87,0.25,13594.6815
men,88,0.25,13644.64163
men,89,0.25,13692.85903
men,90,0.25,13739.1943
men,91,0.25,13783.50582
men,92,0.25,13825.65028
men,93,0.25,13865.48316
men,94,0.25,13902.85922
men,95,0.25,13937.63313
men,96,0.25,13969.65997
men,97,0.25,13998.79587
men,98,0.25,14024.8986
men,99,0.25,14047.82822
men,100,0.25,14067.4477
women,16,0.25,9529.572463
women,17,0.25,9644.408329
women,18,0.25,9758.005373
women,19,0.25,9870.334185
women,20,0.25,9981.369372
women,21,0.25,10091.08955
women,22,0.25,10199.47735
women,23,0.25,10306.5193
women,24,0.25,10412.20584
women,25,0.25,10516.53118
women,26,0.25,10619.49317
women,27,0.25,10721.09323
women,28,0.25,10821.33615
women,29,0.25,10920.22993
women,30,0.25,11017.78561
women,31,0.25,11114.01706
women,32,0.25,11208.94079
women,33,0.25,11302.5757
women,34,0.25,11394.94285
women,35,0.25,11486.06524
women,36,0.25,11575.96752
women,37,0.25,11664.6758
women,38,0.25,11752.21731
women,39,0.25,11838.62019
women,40,0.25,11923.91321
women,41,0.25,12008.12551
women,42,0.25,12091.28631
women,43,0.25,12173.42468
women,44,0.25,12254.56924
women,45,0.25,12334.74793
women,46,0.25,12413.98774
women,47,0.25,12492.31448
women,48,0.25,12569.75251
women,49,0.25,12646.3245
women,50,0.25,12722.05123
women,51,0.25,12796.95137
women,52,0.25,12871.0412
women,53,0.25,12944.3345
women,54,0.25,13016.84228
women,55,0.25,13088.57261
women,56,0.25,13159.53049
women,57,0.25,13229.71761
women,58,0.25,13299.13227
women,59,0.25,13367.76916
women,60,0.25,13435.61932
women,61,0.25,13502.66994
women,62,0.25,13568.9043
women,63,0.25,13634.30167
women,64,0.25,13698.83723
women,65,0.25,13762.482
women,66,0.25,13825.20281
women,67,0.25,13886.96226
women,68,0.25,13947.71869
women,69,0.25,14007.4262
women,70,0.25,14066.03466
women,71,0.25,14123.48976
women,72,0.25,14179.73303
women,73,0.25,14234.70197
women,74,0.25,14288.33008
women,75,0.25,14340.54702
women,76,0.25,14391.27873
women,77,0.25,14440.44758
women,78,0.25,14487.97256
women,79,0.25,14533.76945
women,80,0.25,14577.75107
women,81,0.25,14619.8275
women,82,0.25,14659.90637
women,83,0.25,14697.89308
women,84,0.25,14733.69116
women,85,0.25,14767.20259
women,86,0.25,14798.3281
women,87,0.25,14826.96754
women,88,0.25,14853.02028
women,89,0.25,14876.38559
women,90,0.25,14896.96299
women,91,0.25,14914.65274
women,92,0.25,14929.35623
women,93,0.25,14940.97637
women,94,0.25,14949.41809
women,95,0.25,14954.58873
women,96,0.25,14956.3985
women,97,0.25,14954.76089
women,98,0.25,14949.59313
women,99,0.25,14940.81656
women,100,0.25,14928.35708
men,16,0.3,8375.827509
men,17,0.3,8448.87544
men,18,0.3,8520.240099
men,19,0.3,8589.948564
men,20,0.3,8658.03326
men,21,0.3,8724.531712
men,22,0.3,8789.486263
men,23,0.3,8852.943783
men,24,0.3,8914.955359
men,25,0.3,8975.575969
men,26,0.3,9034.864148
men,27,0.3,9092.881652
men,28,0.3,9149.693107
men,29,0.3,9205.365664
men,30,0.3,9259.96865
men,31,0.3,9313.573221
men,32,0.3,9366.252024
men,33,0.3,9418.078859
men,34,0.3,9469.128349
men,35,0.3,9519.475625
men,36,0.3,9569.196012
men,37,0.3,9618.364731
men,38,0.3,9667.056611
men,39,0.3,9715.345811
men,40,0.3,9763.305559
men,41,0.3,9811.007893
men,42,0.3,9858.523425
men,43,0.3,9905.92111
men,44,0.3,9953.268026
men,45,0.3,10000.62917
men,46,0.3,10048.06726
men,47,0.3,10095.64254
men,48,0.3,10143.41263
men,49,0.3,10191.4323
men,50,0.3,10239.75338
men,51,0.3,10288.42455
men,52,0.3,10337.4912
men,53,0.3,10386.99533
men,54,0.3,10436.97533
men,55,0.3,10487.46593
men,56,0.3,10538.49803
men,57,0.3,10590.09854
men,58,0.3,10642.29034
men,59,0.3,10695.09208
men,60,0.3,10748.51808
men,61,0.3,10802.57823
men,62,0.3,10857.27787
men,63,0.3,10912.61764
men,64,0.3,10968.59344
men,65,0.3,11025.19621
men,66,0.3,11082.41194
men,67,0.3,11140.22148
men,68,0.3,11198.60048
men,69,0.3,11257.51927
men,70,0.3,11316.94279
men,71,0.3,11376.83048
men,72,0.3,11437.13625
men,73,0.3,11497.80833
men,74,0.3,11558.7893
men,75,0.3,11620.01599
men,76,0.3,11681.41946
men,77,0.3,11742.92498
men,78,0.3,11804.45204
men,79,0.3,11865.91437
men,80,0.3,11927.21994
men,81,0.3,11988.27107
men,82,0.3,12048.9645
men,83,0.3,12109.1915
men,84,0.3,12168.83798
men,85,0.3,12227.78474
men,86,0.3,12285.90756
men,87,0.3,12343.07756
men,88,0.3,12399.16137
men,89,0.3,12454.02148
men,90,0.3,12507.51658
men,91,0.3,12559.50193
men,92,0.3,12609.82976
men,93,0.3,12658.34978
men,94,0.3,12704.90957
men,95,0.3,12749.35522
men,96,0.3,12791.53176
men,97,0.3,12831.28386
men,98,0.3,12868.45637
men,99,0.3,12902.89497
men,100,0.3,12934.44686
women,16,0.3,8926.349549
women,17,0.3,9027.494114
women,18,0.3,9127.307773
women,19,0.3,9225.774088
women,20,0.3,9322.881026
women,21,0.3,9418.620915
women,22,0.3,9512.990362
women,23,0.3,9605.990163
women,24,0.3,9697.625181
women,25,0.3,9787.904207
women,26,0.3,9876.839797
women,27,0.3,9964.448098
women,28,0.3,10050.74865
women,29,0.3,10135.76417
women,30,0.3,10219.52035
women,31,0.3,10302.04558
women,32,0.3,10383.37076
women,33,0.3,10463.52897
women,34,0.3,10542.5553
women,35,0.3,10620.48648
women,36,0.3,10697.36069
women,37,0.3,10773.21725
women,38,0.3,10848.09635
women,39,0.3,10922.03874
women,40,0.3,10995.08555
women,41,0.3,11067.27788
women,42,0.3,11138.65667
women,43,0.3,11209.26233
women,44,0.3,11279.13451
women,45,0.3,11348.31188
women,46,0.3,11416.83183
women,47,0.3,11484.73025
women,48,0.3,11552.0413
women,49,0.3,11618.79714
women,50,0.3,11685.02779
women,51,0.3,11750.76082
women,52,0.3,11816.02121
women,53,0.3,11880.83114
women,54,0.3,11945.2098
women,55,0.3,12009.17318
women,56,0.3,12072.73395
women,57,0.3,12135.90127
women,58,0.3,12198.68066
women,59,0.3,12261.07382
women,60,0.3,12323.07854
women,61,0.3,12384.68854
women,62,0.3,12445.89341
women,63,0.3,12506.67847
women,64,0.3,12567.02469
women,65,0.3,12626.90861
women,66,0.3,12686.3023
women,67,0.3,12745.17331
women,68,0.3,12803.48458
women,69,0.3,12861.1945
women,70,0.3,12918.25682
women,71,0.3,12974.62075
women,72,0.3,13030.23089
women,73,0.3,13085.02735
women,74,0.3,13138.94578
women,75,0.3,13191.91745
women,76,0.3,13243.86935
women,77,0.3,13294.72433
women,78,0.3,13344.4012
women,79,0.3,13392.81495
women,80,0.3,13439.8769
women,81,0.3,13485.4949
women,82,0.3,13529.5736
women,83,0.3,13572.01466
women,84,0.3,13612.71707
women,85,0.3,13651.57739
women,86,0.3,13688.49015
women,87,0.3,13723.34813
women,88,0.3,13756.04275
women,89,0.3,13786.46445
women,90,0.3,13814.50309
women,91,0.3,13840.04838
women,92,0.3,13862.99031
women,93,0.3,13883.21957
women,94,0.3,13900.62808
women,95,0.3,13915.10937
women,96,0.3,13926.55912
women,97,0.3,13934.87559
women,98,0.3,13939.96014
women,99,0.3,13941.71766
women,100,0.3,13940.05709
men,16,0.35,7685.87731
men,17,0.35,7743.571705
men,18,0.35,7799.607179
men,19,0.35,7854.028051
men,20,0.35,7906.88357
men,21,0.35,7958.22759
men,22,0.35,8008.11822
men,23,0.35,8056.617476
men,24,0.35,8103.790915
men,25,0.35,8149.707271
men,26,0.35,8194.438083
men,27,0.35,8238.057333
men,28,0.35,8280.641075
men,29,0.35,8322.267086
men,30,0.35,8363.014511
men,31,0.35,8402.963525
men,32,0.35,8442.195006
men,33,0.35,8480.790217
men,34,0.35,8518.830506
men,35,0.35,8556.397016
men,36,0.35,8593.570417
men,37,0.35,8630.430639
men,38,0.35,8667.056638
men,39,0.35,8703.526161
men,40,0.35,8739.915535
men,41,0.35,8776.299465
men,42,0.35,8812.750851
men,43,0.35,8849.34061
men,44,0.35,8886.137515
men,45,0.35,8923.208046
men,46,0.35,8960.616245
men,47,0.35,8998.423585
men,48,0.35,9036.688848
men,49,0.35,9075.468005
men,50,0.35,9114.814103
men,51,0.35,9154.777163
men,52,0.35,9195.404075
men,53,0.35,9236.738497
men,54,0.35,9278.820759
men,55,0.35,9321.687767
men,56,0.35,9365.37291
men,57,0.35,9409.905957
men,58,0.35,9455.312969
men,59,0.35,9501.616196
men,60,0.35,9548.83398
men,61,0.35,9596.980652
men,62,0.35,9646.066429
men,63,0.35,9696.097309
men,64,0.35,9747.074962
men,65,0.35,9798.996617
men,66,0.35,9851.854953
men,67,0.35,9905.637981
men,68,0.35,9960.328931
men,69,0.35,10015.90613
men,70,0.35,10072.34291
men,71,0.35,10129.60744
men,72,0.35,10187.66267
men,73,0.35,10246.46621
men,74,0.35,10305.97018
men,75,0.35,10366.12118
men,76,0.35,10426.86014
men,77,0.35,10488.12228
men,78,0.35,10549.83703
men,79,0.35,10611.92797
men,80,0.35,10674.31277
men,81,0.35,10736.90323
men,82,0.35,10799.60521
men,83,0.35,10862.31869
men,84,0.35,10924.93781
men,85,0.35,10987.35095
men,86,0.35,11049.44082
men,87,0.35,11111.08461
men,88,0.35,11172.15415
men,89,0.35,11232.51614
men,90,0.35,11292.03234
men,91,0.35,11350.55994
men,92,0.35,11407.95181
men,93,0.35,11464.0569
men,94,0.35,11518.72067
men,95,0.35,11571.7855
men,96,0.35,11623.09121
men,97,0.35,11672.47561
men,98,0.35,11719.77505
men,99,0.35,11764.82504
men,100,0.35,11807.46094
women,16,0.35,8324.015488
women,17,0.35,8411.340954
women,18,0.35,8497.261542
women,19,0.35,8581.774842
women,20,0.35,8664.883114
women,21,0.35,8746.593177
women,22,0.35,8826.91628
women,23,0.35,8905.867953
women,24,0.35,8983.467825
women,25,0.35,9059.739442
women,26,0.35,9134.710047
women,27,0.35,9208.410358
women,28,0.35,9280.87433
women,29,0.35,9352.138901
women,30,0.35,9422.243733
women,31,0.35,9491.23094
women,32,0.35,9559.144817
women,33,0.35,9626.031555
women,34,0.35,9691.938964
women,35,0.35,9756.916183
women,36,0.35,9821.0134
women,37,0.35,9884.281571
women,38,0.35,9946.772134
women,39,0.35,10008.53674
women,40,0.35,10069.62697
women,41,0.35,10130.09409
women,42,0.35,10189.98877
women,43,0.35,10249.36082
women,44,0.35,10308.25899
women,45,0.35,10366.73069
women,46,0.35,10424.82174
women,47,0.35,10482.57621
women,48,0.35,10540.03616
women,49,0.35,10597.24142
women,50,0.35,10654.22942
women,51,0.35,10711.03499
women,52,0.35,10767.69016
women,53,0.35,10824.22398
women,54,0.35,10880.66238
women,55,0.35,10937.02798
women,56,0.35,10993.33994
women,57,0.35,11049.61382
women,58,0.35,11105.86141
women,59,0.35,11162.09065
women,60,0.35,11218.30545
women,61,0.35,11274.5056
women,62,0.35,11330.68665
women,63,0.35,11386.8398
women,64,0.35,11442.95183
women,65,0.35,11499.00498
women,66,0.35,11554.97691
women,67,0.35,11610.8406
women,68,0.35,11666.5643
women,69,0.35,11722.1115
women,70,0.35,11777.44089
women,71,0.35,11832.50634
women,72,0.35,11887.25686
women,73,0.35,11941.63667
women,74,0.35,11995.58519
women,75,0.35,12049.03706
women,76,0.35,12101.92223
women,77,0.35,12154.16603
women,78,0.35,12205.68926
women,79,0.35,12256.4083
women,80,0.35,12306.23527
women,81,0.35,12355.07819
women,82,0.35,12402.84114
women,83,0.35,12449.42449
women,84,0.35,12494.72515
women,85,0.35,12538.63678
women,86,0.35,12581.05014
women,87,0.35,12621.85336
women,88,0.35,12660.93227
women,89,0.35,12698.17078
women,90,0.35,12733.45127
women,91,0.35,12766.65497
women,92,0.35,12797.66242
women,93,0.35,12826.35388
women,94,0.35,12852.60986
women,95,0.35,12876.31153
women,96,0.35,12897.34127
women,97,0.35,12915.58315
women,98,0.35,12930.92346
women,99,0.35,12943.25123
women,100,0.35,12952.45873
men,16,0.4,7000.513713
men,17,0.4,7043.570426
men,18,0.4,7085.048373
men,19,0.4,7125.007874
men,20,0.4,7163.51342
men,21,0.4,7200.63329
men,22,0.4,7236.439155
men,23,0.4,7271.005679
men,24,0.4,7304.41013
men,25,0.4,7336.731993
men,26,0.4,7368.052588
men,27,0.4,7398.454704
men,28,0.4,7428.022242
men,29,0.4,7456.839874
men,30,0.4,7484.992715
men,31,0.4,7512.566021
men,32,0.4,7539.644889
men,33,0.4,7566.313993
men,34,0.4,7592.657324
men,35,0.4,7618.757957
men,36,0.4,7644.697835
men,37,0.4,7670.557566
men,38,0.4,7696.416242
men,39,0.4,7722.351276
men,40,0.4,7748.438248
men,41,0.4,7774.750768
men,42,0.4,7801.36036
men,43,0.4,7828.336342
men,44,0.4,7855.745736
men,45,0.4,7883.653171
men,46,0.4,7912.120807
men,47,0.4,7941.208259
men,48,0.4,7970.972528
men,49,0.4,8001.467941
men,50,0.4,8032.746089
men,51,0.4,8064.855771
men,52,0.4,8097.842939
men,53,0.4,8131.750645
men,54,0.4,8166.618978
men,55,0.4,8202.485015
men,56,0.4,8239.382758
men,57,0.4,8277.34307
men,58,0.4,8316.393612
men,59,0.4,8356.558768
men,60,0.4,8397.859571
men,61,0.4,8440.313623
men,62,0.4,8483.935007
men,63,0.4,8528.734193
men,64,0.4,8574.717941
men,65,0.4,8621.889193
men,66,0.4,8670.246965
men,67,0.4,8719.786227
men,68,0.4,8770.497783
men,69,0.4,8822.368141
men,70,0.4,8875.379381
men,71,0.4,8929.50902
men,72,0.4,8984.729871
men,73,0.4,9041.009903
men,74,0.4,9098.312099
men,75,0.4,9156.594313
men,76,0.4,9215.809133
men,77,0.4,9275.903745
men,78,0.4,9336.819799
men,79,0.4,9398.493291
men,80,0.4,9460.854448
men,81,0.4,9523.827626
men,82,0.4,9587.331225
men,83,0.4,9651.277617
men,84,0.4,9715.5731
men,85,0.4,9780.117867
men,86,0.4,9844.806004
men,87,0.4,9909.525517
men,88,0.4,9974.158392
men,89,0.4,10038.58068
men,90,0.4,10102.66263
men,91,0.4,10166.26885
men,92,0.4,10229.25854
men,93,0.4,10291.4857
men,94,0.4,10352.79948
men,95,0.4,10413.04449
men,96,0.4,10472.06121
men,97,0.4,10529.68645
men,98,0.4,10585.75382
men,99,0.4,10640.09429
men,100,0.4,10692.53677
women,16,0.4,7722.038598
women,17,0.4,7795.546383
women,18,0.4,7867.602431
women,19,0.4,7938.219177
women,20,0.4,8007.413801
women,21,0.4,8075.208056
women,22,0.4,8141.628074
women,23,0.4,8206.704155
women,24,0.4,8270.470537
women,25,0.4,8332.965146
women,26,0.4,8394.229341
women,27,0.4,8454.307645
women,28,0.4,8513.247459
women,29,0.4,8571.098787
women,30,0.4,8627.913939
women,31,0.4,8683.747238
women,32,0.4,8738.654733
women,33,0.4,8792.693899
women,34,0.4,8845.923352
women,35,0.4,8898.40256
women,36,0.4,8950.191561
women,37,0.4,9001.350689
women,38,0.4,9051.940305
women,39,0.4,9102.020532
women,40,0.4,9151.651008
women,41,0.4,9200.890634
women,42,0.4,9249.797341
women,43,0.4,9298.427864
women,44,0.4,9346.837521
women,45,0.4,9395.080002
women,46,0.4,9443.207173
women,47,0.4,9491.268876
women,48,0.4,9539.312752
women,49,0.4,9587.384057
women,50,0.4,9635.525497
women,51,0.4,9683.777065
women,52,0.4,9732.175883
women,53,0.4,9780.756054
women,54,0.4,9829.548518
women,55,0.4,9878.580911
women,56,0.4,9927.877434
women,57,0.4,9977.458725
women,58,0.4,10027.34173
women,59,0.4,10077.53959
women,60,0.4,10128.06152
women,61,0.4,10178.91269
women,62,0.4,10230.09413
women,63,0.4,10281.60265
women,64,0.4,10333.43066
women,65,0.4,10385.56619
women,66,0.4,10437.9927
women,67,0.4,10490.68906
women,68,0.4,10543.62945
women,69,0.4,10596.7833
women,70,0.4,10650.11522
women,71,0.4,10703.58495
women,72,0.4,10757.14733
women,73,0.4,10810.75224
women,74,0.4,10864.34463
women,75,0.4,10917.86447
women,76,0.4,10971.24676
women,77,0.4,11024.42158
women,78,0.4,11077.31413
women,79,0.4,11129.84478
women,80,0.4,11181.92913
women,81,0.4,11233.47816
women,82,0.4,11284.39834
women,83,0.4,11334.59174
women,84,0.4,11383.95626
women,85,0.4,11432.3858
women,86,0.4,11479.77052
women,87,0.4,11525.99704
women,88,0.4,11570.94879
women,89,0.4,11614.50627
women,90,0.4,11656.54744
women,91,0.4,11696.94805
women,92,0.4,11735.58206
women,93,0.4,11772.32209
women,94,0.4,11807.03981
women,95,0.4,11839.60648
women,96,0.4,11869.89341
women,97,0.4,11897.7725
women,98,0.4,11923.11676
women,99,0.4,11945.80088
women,100,0.4,11965.70177
men,16,0.45,6323.834599
men,17,0.45,6353.30814
men,18,0.45,6381.341278
men,19,0.45,6408.007835
men,20,0.45,6433.384737
men,21,0.45,6457.551593
men,22,0.45,6480.59027
men,23,0.45,6502.584497
men,24,0.45,6523.619462
men,25,0.45,6543.781442
men,26,0.45,6563.157441
men,27,0.45,6581.83485
men,28,0.45,6599.901127
men,29,0.45,6617.443501
men,30,0.45,6634.548699
men,31,0.45,6651.302687
men,32,0.45,6667.790443
men,33,0.45,6684.09575
men,34,0.45,6700.301005
men,35,0.45,6716.487052
men,36,0.45,6732.733039
men,37,0.45,6749.116284
men,38,0.45,6765.712168
men,39,0.45,6782.594035
men,40,0.45,6799.833116
men,41,0.45,6817.498457
men,42,0.45,6835.656867
men,43,0.45,6854.372869
men,44,0.45,6873.708667
men,45,0.45,6893.724114
men,46,0.45,6914.476693
men,47,0.45,6936.021492
men,48,0.45,6958.411198
men,49,0.45,6981.69608
men,50,0.45,7005.923975
men,51,0.45,7031.140284
men,52,0.45,7057.387954
men,53,0.45,7084.707463
men,54,0.45,7113.136808
men,55,0.45,7142.711477
men,56,0.45,7173.464426
men,57,0.45,7205.426045
men,58,0.45,7238.624123
men,59,0.45,7273.083799
men,60,0.45,7308.827514
men,61,0.45,7345.874947
men,62,0.45,7384.242949
men,63,0.45,7423.945467
men,64,0.45,7464.993453
men,65,0.45,7507.394777
men,66,0.45,7551.154119
men,67,0.45,7596.272854
men,68,0.45,7642.748937
men,69,0.45,7690.576766
men,70,0.45,7739.747047
men,71,0.45,7790.246648
men,72,0.45,7842.05844
men,73,0.45,7895.161143
men,74,0.45,7949.529155
men,75,0.45,8005.13238
men,76,0.45,8061.936057
men,77,0.45,8119.90058
men,78,0.45,8178.981322
men,79,0.45,8239.128454
men,80,0.45,8300.286775
men,81,0.45,8362.395543
men,82,0.45,8425.388309
men,83,0.45,8489.192771
men,84,0.45,8553.730628
men,85,0.45,8618.917462
men,86,0.45,8684.662626
men,87,0.45,8750.869165
men,88,0.45,8817.433754
men,89,0.45,8884.246668
men,90,0.45,8951.191779
men,91,0.45,9018.146598
men,92,0.45,9084.982343
men,93,0.45,9151.564058
men,94,0.45,9217.750776
men,95,0.45,9283.395726
men,96,0.45,9348.346595
men,97,0.45,9412.445841
men,98,0.45,9475.531065
men,99,0.45,9537.435432
men,100,0.45,9597.98816
women,16,0.45,7120.784162
women,17,0.45,7180.659928
women,18,0.45,7239.073389
women,19,0.45,7296.052169
women,20,0.45,7351.628473
women,21,0.45,7405.838852
women,22,0.45,7458.72394
women,23,0.45,7510.32819
women,24,0.45,7560.699584
women,25,0.45,7609.889345
women,26,0.45,7657.951637
women,27,0.45,7704.943255
women,28,0.45,7750.923326
women,29,0.45,7795.952998
women,30,0.45,7840.095136
women,31,0.45,7883.414022
women,32,0.45,7925.975056
women,33,0.45,7967.84447
women,34,0.45,8009.089048
women,35,0.45,8049.77585
women,36,0.45,8089.971949
women,37,0.45,8129.744184
women,38,0.45,8169.158914
women,39,0.45,8208.281786
women,40,0.45,8247.177522
women,41,0.45,8285.909701
women,42,0.45,8324.540569
women,43,0.45,8363.130847
women,44,0.45,8401.739556
women,45,0.45,8440.423846
women,46,0.45,8479.238842
women,47,0.45,8518.237487
women,48,0.45,8557.470405
women,49,0.45,8596.985763
women,50,0.45,8636.82914
women,51,0.45,8677.043406
women,52,0.45,8717.668599
women,53,0.45,8758.741816
women,54,0.45,8800.297097
women,55,0.45,8842.365318
women,56,0.45,8884.974089
women,57,0.45,8928.147643
women,58,0.45,8971.906742
women,59,0.45,9016.26857
women,60,0.45,9061.246635
women,61,0.45,9106.850672
women,62,0.45,9153.08654
women,63,0.45,9199.956123
women,64,0.45,9247.457239
women,65,0.45,9295.583536
women,66,0.45,9344.324401
women,67,0.45,9393.664863
women,68,0.45,9443.585502
women,69,0.45,9494.06236
women,70,0.45,9545.066855
women,71,0.45,9596.565699
women,72,0.45,9648.520822
women,73,0.45,9700.889306
women,74,0.45,9753.623314
women,75,0.45,9806.670048
women,76,0.45,9859.9717
women,77,0.45,9913.465422
women,78,0.45,9967.083312
women,79,0.45,10020.75241
women,80,0.45,10074.39471
women,81,0.45,10127.92722
women,82,0.45,10181.26195
women,83,0.45,10234.30609
women,84,0.45,10286.96201
women,85,0.45,10339.12746
women,86,0.45,10390.69568
women,87,0.45,10441.55561
women,88,0.45,10491.5921
women,89,0.45,10540.68612
women,90,0.45,10588.71509
women,91,0.45,10635.55315
women,92,0.45,10681.07152
women,93,0.45,10725.13888
women,94,0.45,10767.62176
women,95,0.45,10808.38499
women,96,0.45,10847.29218
women,97,0.45,10884.20622
women,98,0.45,10918.98979
women,99,0.45,10951.50595
women,100,0.45,10981.61867
men,16,0.5,5661.276
men,17,0.5,5678.556446
men,18,0.5,5694.589172
men,19,0.5,5709.457745
men,20,0.5,5723.247529
men,21,0.5,5736.045265
men,22,0.5,5747.938669
men,23,0.5,5759.016048
men,24,0.5,5769.365948
men,25,0.5,5779.076815
men,26,0.5,5788.236692
men,27,0.5,5796.932936
men,28,0.5,5805.251965
men,29,0.5,5813.27903
men,30,0.5,5821.098009
men,31,0.5,5828.791232
men,32,0.5,5836.439329
men,33,0.5,5844.121093
men,34,0.5,5851.913378
men,35,0.5,5859.891001
men,36,0.5,5868.12668
men,37,0.5,5876.690971
men,38,0.5,5885.652236
men,39,0.5,5895.076612
men,40,0.5,5905.028005
men,41,0.5,5915.568078
men,42,0.5,5926.756266
men,43,0.5,5938.649783
men,44,0.5,5951.303645
men,45,0.5,5964.770693
men,46,0.5,5979.10162
men,47,0.5,5994.345001
men,48,0.5,6010.54732
men,49,0.5,6027.753004
men,50,0.5,6046.004448
men,51,0.5,6065.342041
men,52,0.5,6085.804188
men,53,0.5,6107.427331
men,54,0.5,6130.245958
men,55,0.5,6154.292614
men,56,0.5,6179.5979
men,57,0.5,6206.190467
men,58,0.5,6234.097002
men,59,0.5,6263.342208
men,60,0.5,6293.948771
men,61,0.5,6325.937321
men,62,0.5,6359.326383
men,63,0.5,6394.132317
men,64,0.5,6430.369248
men,65,0.5,6468.048986
men,66,0.5,6507.180937
men,67,0.5,6547.771998
men,68,0.5,6589.826445
men,69,0.5,6633.345812
men,70,0.5,6678.328753
men,71,0.5,6724.770899
men,72,0.5,6772.664699
men,73,0.5,6821.999257
men,74,0.5,6872.760155
men,75,0.5,6924.92927
men,76,0.5,6978.484576
men,77,0.5,7033.39995
men,78,0.5,7089.644958
men,79,0.5,7147.184652
men,80,0.5,7205.979347
men,81,0.5,7265.984404
men,82,0.5,7327.150019
men,83,0.5,7389.421
men,84,0.5,7452.73656
men,85,0.5,7517.030114
men,86,0.5,7582.229081
men,87,0.5,7648.254705
men,88,0.5,7715.021888
men,89,0.5,7782.439046
men,90,0.5,7850.407988
men,91,0.5,7918.823815
men,92,0.5,7987.574864
men,93,0.5,8056.542671
men,94,0.5,8125.601988
men,95,0.5,8194.620833
men,96,0.5,8263.460595
men,97,0.5,8331.976184
men,98,0.5,8400.016241
men,99,0.5,8467.423405
men,100,0.5,8534.03464
women,16,0.5,6521.698834
women,17,0.5,6568.364962
women,18,0.5,6613.60254
women,19,0.5,6657.453993
women,20,0.5,6699.965883
women,21,0.5,6741.188613
women,22,0.5,6781.176108
women,23,0.5,6819.985499
women,24,0.5,6857.676799
women,25,0.5,6894.312578
women,26,0.5,6929.957633
women,27,0.5,6964.678671
women,28,0.5,6998.54399
women,29,0.5,7031.623171
women,30,0.5,7063.986776
women,31,0.5,7095.70606
women,32,0.5,7126.852689
women,33,0.5,7157.498477
women,34,0.5,7187.715132
women,35,0.5,7217.574014
women,36,0.5,7247.145912
women,37,0.5,7276.50083
women,38,0.5,7305.707791
women,39,0.5,7334.834649
women,40,0.5,7363.947916
women,41,0.5,7393.112609
women,42,0.5,7422.392093
women,43,0.5,7451.847952
women,44,0.5,7481.539857
women,45,0.5,7511.525451
women,46,0.5,7541.86024
women,47,0.5,7572.59749
women,48,0.5,7603.788135
women,49,0.5,7635.480683
women,50,0.5,7667.721139
women,51,0.5,7700.552913
women,52,0.5,7734.016754
women,53,0.5,7768.150664
women,54,0.5,7802.989829
women,55,0.5,7838.566544
women,56,0.5,7874.910134
women,57,0.5,7912.046887
women,58,0.5,7949.999966
women,59,0.5,7988.789342
women,60,0.5,8028.431704
women,61,0.5,8068.940379
women,62,0.5,8110.325246
women,63,0.5,8152.592645
women,64,0.5,8195.745286
women,65,0.5,8239.782152
women,66,0.5,8284.698402
women,67,0.5,8330.485271
women,68,0.5,8377.129963
women,69,0.5,8424.615551
women,70,0.5,8472.920871
women,71,0.5,8522.020413
women,72,0.5,8571.88422
women,73,0.5,8622.477781
women,74,0.5,8673.761935
women,75,0.5,8725.692768
women,76,0.5,8778.22153
women,77,0.5,8831.294545
women,78,0.5,8884.853139
women,79,0.5,8938.833574
women,80,0.5,8993.166997
women,81,0.5,9047.779403
women,82,0.5,9102.59161
women,83,0.5,9157.519262
women,84,0.5,9212.472842
women,85,0.5,9267.357717
women,86,0.5,9322.0742
women,87,0.5,9376.517647
women,88,0.5,9430.578581
women,89,0.5,9484.142842
women,90,0.5,9537.091776
women,91,0.5,9589.302459
women,92,0.5,9640.647955
women,93,0.5,9690.99761
women,94,0.5,9740.217387
women,95,0.5,9788.17024
women,96,0.5,9834.716523
women,97,0.5,9879.71444
women,98,0.5,9923.020532
women,99,0.5,9964.490199
women,100,0.5,10003.97826
men,16,0.55,5019.335369
men,17,0.55,5026.104789
men,18,0.55,5031.862702
men,19,0.55,5036.697635
men,20,0.55,5040.698511
men,21,0.55,5043.954269
men,22,0.55,5046.553511
men,23,0.55,5048.584194
men,24,0.55,5050.13333
men,25,0.55,5051.28674
men,26,0.55,5052.128816
men,27,0.55,5052.742333
men,28,0.55,5053.208271
men,29,0.55,5053.605681
men,30,0.55,5054.011559
men,31,0.55,5054.500764
men,32,0.55,5055.145939
men,33,0.55,5056.017467
men,34,0.55,5057.18344
men,35,0.55,5058.709642
men,36,0.55,5060.659555
men,37,0.55,5063.09437
men,38,0.55,5066.073019
men,39,0.55,5069.652203
men,40,0.55,5073.886444
men,41,0.55,5078.828133
men,42,0.55,5084.527586
men,43,0.55,5091.033105
men,44,0.55,5098.391042
men,45,0.55,5106.645861
men,46,0.55,5115.840202
men,47,0.55,5126.014949
men,48,0.55,5137.209287
men,49,0.55,5149.460762
men,50,0.55,5162.805339
men,51,0.55,5177.277452
men,52,0.55,5192.910051
men,53,0.55,5209.734643
men,54,0.55,5227.781325
men,55,0.55,5247.078817
men,56,0.55,5267.654478
men,57,0.55,5289.534321
men,58,0.55,5312.743021
men,59,0.55,5337.303904
men,60,0.55,5363.238944
men,61,0.55,5390.568731
men,62,0.55,5419.312449
men,63,0.55,5449.487824
men,64,0.55,5481.111079
men,65,0.55,5514.196868
men,66,0.55,5548.7582
men,67,0.55,5584.806353
men,68,0.55,5622.35078
men,69,0.55,5661.398994
men,70,0.55,5701.956453
men,71,0.55,5744.026419
men,72,0.55,5787.609819
men,73,0.55,5832.705083
men,74,0.55,5879.307973
men,75,0.55,5927.411409
men,76,0.55,5977.005264
men,77,0.55,6028.076171
men,78,0.55,6080.6073
men,79,0.55,6134.578136
men,80,0.55,6189.964248
men,81,0.55,6246.737043
men,82,0.55,6304.863519
men,83,0.55,6364.306014
men,84,0.55,6425.021947
men,85,0.55,6486.963561
men,86,0.55,6550.077664
men,87,0.55,6614.305378
men,88,0.55,6679.581892
men,89,0.55,6745.836219
men,90,0.55,6812.990976
men,91,0.55,6880.962173
men,92,0.55,6949.659026
men,93,0.55,7018.983792
men,94,0.55,7088.831636
men,95,0.55,7159.090531
men,96,0.55,7229.641195
men,97,0.55,7300.357077
men,98,0.55,7371.104383
men,99,0.55,7441.742161
men,100,0.55,7512.122447
women,16,0.55,5927.438201
women,17,0.55,5961.59476
women,18,0.55,5994.406076
women,19,0.55,6025.928009
women,20,0.55,6056.219828
women,21,0.55,6085.343853
women,22,0.55,6113.365111
women,23,0.55,6140.350982
women,24,0.55,6166.370858
women,25,0.55,6191.495803
women,26,0.55,6215.798227
women,27,0.55,6239.351569
women,28,0.55,6262.229993
women,29,0.55,6284.508102
women,30,0.55,6306.260659
women,31,0.55,6327.562337
women,32,0.55,6348.48747
women,33,0.55,6369.109837
women,34,0.55,6389.502452
women,35,0.55,6409.737371
women,36,0.55,6429.885525
women,37,0.55,6450.016558
women,38,0.55,6470.198684
women,39,0.55,6490.498561
women,40,0.55,6510.981177
women,41,0.55,6531.709744
women,42,0.55,6552.74561
women,43,0.55,6574.148177
women,44,0.55,6595.97483
women,45,0.55,6618.280875
women,46,0.55,6641.119479
women,47,0.55,6664.541624
women,48,0.55,6688.596057
women,49,0.55,6713.329249
women,50,0.55,6738.785356
women,51,0.55,6765.00618
women,52,0.55,6792.031131
women,53,0.55,6819.897188
women,54,0.55,6848.638865
women,55,0.55,6878.288164
women,56,0.55,6908.874532
women,57,0.55,6940.42482
women,58,0.55,6972.963224
women,59,0.55,7006.511235
women,60,0.55,7041.087576
women,61,0.55,7076.708138
women,62,0.55,7113.385907
women,63,0.55,7151.130888
women,64,0.55,7189.950021
women,65,0.55,7229.847093
women,66,0.55,7270.82264
women,67,0.55,7312.873847
women,68,0.55,7355.994442
women,69,0.55,7400.174582
women,70,0.55,7445.400736
women,71,0.55,7491.655561
women,72,0.55,7538.917781
women,73,0.55,7587.162054
women,74,0.55,7636.358846
women,75,0.55,7686.474293
women,76,0.55,7737.470078
women,77,0.55,7789.303297
women,78,0.55,7841.926333
women,79,0.55,7895.286739
women,80,0.55,7949.327119
women,81,0.55,8003.985028
women,82,0.55,8059.192875
women,83,0.55,8114.877839
women,84,0.55,8170.961812
women,85,0.55,8227.361342
women,86,0.55,8283.987614
women,87,0.55,8340.746439
women,88,0.55,8397.538285
women,89,0.55,8454.25832
women,90,0.55,8510.796498
women,91,0.55,8567.037672
women,92,0.55,8622.861748
women,93,0.55,8678.143876
women,94,0.55,8732.754674
women,95,0.55,8786.560506
women,96,0.55,8839.423797
women,97,0.55,8891.20339
women,98,0.55,8941.754951
women,99,0.55,8990.931423
women,100,0.55,9038.583513
men,16,0.6,4405.105175
men,17,0.6,4403.253483
men,18,0.6,4400.653152
men,19,0.6,4397.392391
men,20,0.6,4393.558462
men,21,0.6,4389.237392
men,22,0.6,4384.513708
men,23,0.6,4379.470213
men,24,0.6,4374.18779
men,25,0.6,4368.745243
men,26,0.6,4363.219168
men,27,0.6,4357.683845
men,28,0.6,4352.211168
men,29,0.6,4346.870586
men,30,0.6,4341.729084
men,31,0.6,4336.851164
men,32,0.6,4332.29886
men,33,0.6,4328.131764
men,34,0.6,4324.407062
men,35,0.6,4321.179587
men,36,0.6,4318.501881
men,37,0.6,4316.424267
men,38,0.6,4314.994924
men,39,0.6,4314.259969
men,40,0.6,4314.263547
men,41,0.6,4315.047918
men,42,0.6,4316.653547
men,43,0.6,4319.119198
men,44,0.6,4322.482022
men,45,0.6,4326.777647
men,46,0.6,4332.040264
men,47,0.6,4338.302714
men,48,0.6,4345.596563
men,49,0.6,4353.952181
men,50,0.6,4363.398815
men,51,0.6,4373.96465
men,52,0.6,4385.67687
men,53,0.6,4398.561718
men,54,0.6,4412.644533
men,55,0.6,4427.949801
men,56,0.6,4444.501179
men,57,0.6,4462.321528
men,58,0.6,4481.432927
men,59,0.6,4501.856683
men,60,0.6,4523.613332
men,61,0.6,4546.722632
men,62,0.6,4571.203547
men,63,0.6,4597.074218
men,64,0.6,4624.35193
men,65,0.6,4653.053063
men,66,0.6,4683.193036
men,67,0.6,4714.786242
men,68,0.6,4747.845965
men,69,0.6,4782.384294
men,70,0.6,4818.412018
men,71,0.6,4855.938515
men,72,0.6,4894.971624
men,73,0.6,4935.517505
men,74,0.6,4977.58049
men,75,0.6,5021.162915
men,76,0.6,5066.264947
men,77,0.6,5112.884388
men,78,0.6,5161.016473
men,79,0.6,5210.653655
men,80,0.6,5261.785374
men,81,0.6,5314.397814
men,82,0.6,5368.473653
men,83,0.6,5423.991799
men,84,0.6,5480.927114
men,85,0.6,5539.250135
men,86,0.6,5598.926783
men,87,0.6,5659.918072
men,88,0.6,5722.179808
men,89,0.6,5785.662296
men,90,0.6,5850.310039
men,91,0.6,5916.061451
men,92,0.6,5982.848573
men,93,0.6,6050.596804
men,94,0.6,6119.224646
men,95,0.6,6188.643472
men,96,0.6,6258.75732
men,97,0.6,6329.462717
men,98,0.6,6400.648538
men,99,0.6,6472.195909
men,100,0.6,6543.978159
women,16,0.6,5341.892105
women,17,0.6,5364.536071
women,18,0.6,5385.968376
women,19,0.6,5406.25585
women,20,0.6,5425.467729
women,21,0.6,5443.675289
women,22,0.6,5460.951481
women,23,0.6,5477.370579
women,24,0.6,5493.007847
women,25,0.6,5507.939216
women,26,0.6,5522.240982
women,27,0.6,5535.989521
women,28,0.6,5549.261025
women,29,0.6,5562.131257
women,30,0.6,5574.67533
women,31,0.6,5586.967498
women,32,0.6,5599.080977
women,33,0.6,5611.087776
women,34,0.6,5623.058557
women,35,0.6,5635.062504
women,36,0.6,5647.167213
women,37,0.6,5659.438599
women,38,0.6,5671.940814
women,39,0.6,5684.736183
women,40,0.6,5697.885148
women,41,0.6,5711.446226
women,42,0.6,5725.475976
women,43,0.6,5740.028975
women,44,0.6,5755.157795
women,45,0.6,5770.912999
women,46,0.6,5787.343127
women,47,0.6,5804.494696
women,48,0.6,5822.412197
women,49,0.6,5841.138097
women,50,0.6,5860.712836
women,51,0.6,5881.174829
women,52,0.6,5902.560464
women,53,0.6,5924.904098
women,54,0.6,5948.238046
women,55,0.6,5972.592575
women,56,0.6,5997.995886
women,57,0.6,6024.474091
women,58,0.6,6052.051186
women,59,0.6,6080.749022
women,60,0.6,6110.58726
women,61,0.6,6141.583323
women,62,0.6,6173.752347
women,63,0.6,6207.107114
women,64,0.6,6241.657978
women,65,0.6,6277.412794
women,66,0.6,6314.376824
women,67,0.6,6352.552641
women,68,0.6,6391.94003
women,69,0.6,6432.535869
women,70,0.6,6474.334013
women,71,0.6,6517.325165
women,72,0.6,6561.496739
women,73,0.6,6606.832717
women,74,0.6,6653.313505
women,75,0.6,6700.915774
women,76,0.6,6749.612308
women,77,0.6,6799.371838
women,78,0.6,6850.158878
women,79,0.6,6901.933569
women,80,0.6,6954.651506
women,81,0.6,7008.263585
women,82,0.6,7062.715843
women,83,0.6,7117.949313
women,84,0.6,7173.899881
women,85,0.6,7230.498159
women,86,0.6,7287.669368
women,87,0.6,7345.333246
women,88,0.6,7403.403964
women,89,0.6,7461.790074
women,90,0.6,7520.39448
women,91,0.6,7579.114436
women,92,0.6,7637.841578
women,93,0.6,7696.461994
women,94,0.6,7754.856326
women,95,0.6,7812.899919
women,96,0.6,7870.463011
women,97,0.6,7927.410971
women,98,0.6,7983.604584
women,99,0.6,8038.900386
women,100,0.6,8093.151055
men,16,0.65,3825.661258
men,17,0.65,3817.170629
men,18,0.65,3808.200312
men,19,0.65,3798.833096
men,20,0.65,3789.149728
men,21,0.65,3779.228718
men,22,0.65,3769.146193
men,23,0.65,3758.975775
men,24,0.65,3748.788493
men,25,0.65,3738.652724
men,26,0.65,3728.63416
men,27,0.65,3718.795798
men,28,0.65,3709.197948
men,29,0.65,3699.898273
men,30,0.65,3690.951826
men,31,0.65,3682.411116
men,32,0.65,3674.326184
men,33,0.65,3666.744682
men,34,0.65,3659.711968
men,35,0.65,3653.271205
men,36,0.65,3647.463462
men,37,0.65,3642.327825
men,38,0.65,3637.901506
men,39,0.65,3634.219949
men,40,0.65,3631.316947
men,41,0.65,3629.224749
men,42,0.65,3627.974167
men,43,0.65,3627.594685
men,44,0.65,3628.114557
men,45,0.65,3629.560911
men,46,0.65,3631.959843
men,47,0.65,3635.336504
men,48,0.65,3639.715191
men,49,0.65,3645.119423
men,50,0.65,3651.572022
men,51,0.65,3659.095177
men,52,0.65,3667.71051
men,53,0.65,3677.439136
men,54,0.65,3688.301711
men,55,0.65,3700.318482
men,56,0.65,3713.509321
men,57,0.65,3727.893758
men,58,0.65,3743.491008
men,59,0.65,3760.319989
men,60,0.65,3778.399328
men,61,0.65,3797.747371
men,62,0.65,3818.382171
men,63,0.65,3840.321481
men,64,0.65,3863.582727
men,65,0.65,3888.182984
men,66,0.65,3914.138931
men,67,0.65,3941.466807
men,68,0.65,3970.18235
men,69,0.65,4000.300729
men,70,0.65,4031.836468
men,71,0.65,4064.803351
men,72,0.65,4099.214324
men,73,0.65,4135.081383
men,74,0.65,4172.415444
men,75,0.65,4211.226209
men,76,0.65,4251.522014
men,77,0.65,4293.309662
men,78,0.65,4336.594249
men,79,0.65,4381.378966
men,80,0.65,4427.664899
men,81,0.65,4475.450802
men,82,0.65,4524.732865
men,83,0.65,4575.504466
men,84,0.65,4627.755905
men,85,0.65,4681.474126
men,86,0.65,4736.642436
men,87,0.65,4793.240192
men,88,0.65,4851.242499
men,89,0.65,4910.619885
men,90,0.65,4971.337971
men,91,0.65,5033.35714
men,92,0.65,5096.6322
men,93,0.65,5161.112044
men,94,0.65,5226.739319
men,95,0.65,5293.450103
men,96,0.65,5361.173579
men,97,0.65,5429.831748
men,98,0.65,5499.339141
men,99,0.65,5569.602571
men,100,0.65,5640.520908
women,16,0.65,4770.065931
women,17,0.65,4782.479445
women,18,0.65,4793.860176
women,19,0.65,4804.282376
women,20,0.65,4813.821537
women,21,0.65,4822.554028
women,22,0.65,4830.556756
women,23,0.65,4837.906846
women,24,0.65,4844.68134
women,25,0.65,4850.956929
women,26,0.65,4856.809701
women,27,0.65,4862.314909
women,28,0.65,4867.546776
women,29,0.65,4872.57831
women,30,0.65,4877.481151
women,31,0.65,4882.325432
women,32,0.65,4887.179669
women,33,0.65,4892.110661
women,34,0.65,4897.183421
women,35,0.65,4902.461107
women,36,0.65,4908.004986
women,37,0.65,4913.874399
women,38,0.65,4920.126746
women,39,0.65,4926.817477
women,40,0.65,4934.000097
women,41,0.65,4941.726178
women,42,0.65,4950.045374
women,43,0.65,4959.005448
women,44,0.65,4968.6523
women,45,0.65,4979.029995
women,46,0.65,4990.180803
women,47,0.65,5002.145227
women,48,0.65,5014.962042
women,49,0.65,5028.668326
women,50,0.65,5043.299493
women,51,0.65,5058.889324
women,52,0.65,5075.46999
women,53,0.65,5093.072076
women,54,0.65,5111.724597
women,55,0.65,5131.455014
women,56,0.65,5152.289233
women,57,0.65,5174.25161
women,58,0.65,5197.364946
women,59,0.65,5221.650465
women,60,0.65,5247.127799
women,61,0.65,5273.814954
women,62,0.65,5301.728273
women,63,0.65,5330.882387
women,64,0.65,5361.29016
women,65,0.65,5392.962621
women,66,0.65,5425.90889
women,67,0.65,5460.136093
women,68,0.65,5495.649267
women,69,0.65,5532.451253
women,70,0.65,5570.542585
women,71,0.65,5609.921361
women,72,0.65,5650.583114
women,73,0.65,5692.520665
women,74,0.65,5735.723969
women,75,0.65,5780.179958
women,76,0.65,5825.87237
women,77,0.65,5872.781569
women,78,0.65,5920.884367
women,79,0.65,5970.153828
women,80,0.65,6020.559082
women,81,0.65,6072.065123
women,82,0.65,6124.632612
women,83,0.65,6178.217678
women,84,0.65,6232.771722
women,85,0.65,6288.241225
women,86,0.65,6344.56756
women,87,0.65,6401.686818
women,88,0.65,6459.529639
women,89,0.65,6518.021065
women,90,0.65,6577.080402
women,91,0.65,6636.621116
women,92,0.65,6696.550741
women,93,0.65,6756.77082
women,94,0.65,6817.176886
women,95,0.65,6877.658463
women,96,0.65,6938.099125
women,97,0.65,6998.376581
women,98,0.65,7058.36282
women,99,0.65,7117.924301
women,100,0.65,7176.922194
men,16,0.7,3287.3943
men,17,0.7,3274.209558
men,18,0.7,3260.799274
men,19,0.7,3247.236617
men,20,0.7,3233.591961
men,21,0.7,3219.932814
men,22,0.7,3206.323778
men,23,0.7,3192.826529
men,24,0.7,3179.49983
men,25,0.7,3166.399563
men,26,0.7,3153.578781
men,27,0.7,3141.087771
men,28,0.7,3128.974141
men,29,0.7,3117.282911
men,30,0.7,3106.056617
men,31,0.7,3095.335423
men,32,0.7,3085.157233
men,33,0.7,3075.557818
men,34,0.7,3066.570937
men,35,0.7,3058.22846
men,36,0.7,3050.560498
men,37,0.7,3043.595521
men,38,0.7,3037.360489
men,39,0.7,3031.880968
men,40,0.7,3027.181247
men,41,0.7,3023.284456
men,42,0.7,3020.212673
men,43,0.7,3017.987034
men,44,0.7,3016.62783
men,45,0.7,3016.154609
men,46,0.7,3016.586265
men,47,0.7,3017.941125
men,48,0.7,3020.237032
men,49,0.7,3023.491423
men,50,0.7,3027.721396
men,51,0.7,3032.943781
men,52,0.7,3039.175197
men,53,0.7,3046.432111
men,54,0.7,3054.730883
men,55,0.7,3064.087814
men,56,0.7,3074.519188
men,57,0.7,3086.041295
men,58,0.7,3098.670472
men,59,0.7,3112.423114
men,60,0.7,3127.315696
men,61,0.7,3143.364782
men,62,0.7,3160.587026
men,63,0.7,3178.999175
men,64,0.7,3198.618054
men,65,0.7,3219.460555
men,66,0.7,3241.543607
men,67,0.7,3264.884153
men,68,0.7,3289.499104
men,69,0.7,3315.405298
men,70,0.7,3342.619438
men,71,0.7,3371.158032
men,72,0.7,3401.037316
men,73,0.7,3432.273168
men,74,0.7,3464.881015
men,75,0.7,3498.875723
men,76,0.7,3534.271481
men,77,0.7,3571.081667
men,78,0.7,3609.318705
men,79,0.7,3648.993909
men,80,0.7,3690.11731
men,81,0.7,3732.697466
men,82,0.7,3776.741266
men,83,0.7,3822.253713
men,84,0.7,3869.237686
men,85,0.7,3917.693699
men,86,0.7,3967.61963
men,87,0.7,4019.010446
men,88,0.7,4071.857907
men,89,0.7,4126.150252
men,90,0.7,4181.871878
men,91,0.7,4239.002999
men,92,0.7,4297.519299
men,93,0.7,4357.391569
men,94,0.7,4418.585341
men,95,0.7,4481.060512
men,96,0.7,4544.770971
men,97,0.7,4609.66422
men,98,0.7,4675.681005
men,99,0.7,4742.754956
men,100,0.7,4810.812238
women,16,0.7,4217.794205
women,17,0.7,4221.496893
women,18,0.7,4224.380028
women,19,0.7,4226.520963
women,20,0.7,4227.997067
women,21,0.7,4228.885417
women,22,0.7,4229.262507
women,23,0.7,4229.203995
women,24,0.7,4228.784474
women,25,0.7,4228.077266
women,26,0.7,4227.154247
women,27,0.7,4226.085699
women,28,0.7,4224.94018
women,29,0.7,4223.784428
women,30,0.7,4222.683273
women,31,0.7,4221.699583
women,32,0.7,4220.894219
women,33,0.7,4220.326012
women,34,0.7,4220.051754
women,35,0.7,4220.1262
women,36,0.7,4220.60209
women,37,0.7,4221.530171
women,38,0.7,4222.959239
women,39,0.7,4224.936176
women,40,0.7,4227.506005
women,41,0.7,4230.711944
women,42,0.7,4234.595464
women,43,0.7,4239.19635
women,44,0.7,4244.552763
women,45,0.7,4250.701303
women,46,0.7,4257.677074
women,47,0.7,4265.513742
women,48,0.7,4274.243595
women,49,0.7,4283.897601
women,50,0.7,4294.505459
women,51,0.7,4306.095649
women,52,0.7,4318.695479
women,53,0.7,4332.331118
women,54,0.7,4347.027638
women,55,0.7,4362.809037
women,56,0.7,4379.698261
women,57,0.7,4397.717221
women,58,0.7,4416.886801
women,59,0.7,4437.226855
women,60,0.7,4458.756204
women,61,0.7,4481.492617
women,62,0.7,4505.452789
women,63,0.7,4530.652308
women,64,0.7,4557.105611
women,65,0.7,4584.825936
women,66,0.7,4613.825262
women,67,0.7,4644.114231
women,68,0.7,4675.702078
women,69,0.7,4708.596531
women,70,0.7,4742.803716
women,71,0.7,4778.328038
women,72,0.7,4815.172066
women,73,0.7,4853.336395
women,74,0.7,4892.819499
women,75,0.7,4933.617583
women,76,0.7,4975.724411
women,77,0.7,5019.131134
women,78,0.7,5063.826101
women,79,0.7,5109.794668
women,80,0.7,5157.018988
women,81,0.7,5205.477806
women,82,0.7,5255.146235
women,83,0.7,5305.995532
women,84,0.7,5357.992869
women,85,0.7,5411.101101
women,86,0.7,5465.278531
women,87,0.7,5520.478679
women,88,0.7,5576.65005
women,89,0.7,5633.73591
women,90,0.7,5691.674073
women,91,0.7,5750.396697
women,92,0.7,5809.830093
women,93,0.7,5869.894555
women,94,0.7,5930.504218
women,95,0.7,5991.566929
women,96,0.7,6052.984165
women,97,0.7,6114.650974
women,98,0.7,6176.455962
women,99,0.7,6238.281323
women,100,0.7,6300.002913
men,16,0.75,2795.39804
men,17,0.75,2779.304454
men,18,0.75,2763.206982
men,19,0.75,2747.166375
men,20,0.75,2731.240248
men,21,0.75,2715.483108
men,22,0.75,2699.946405
men,23,0.75,2684.678603
men,24,0.75,2669.725268
men,25,0.75,2655.129171
men,26,0.75,2640.930396
men,27,0.75,2627.166463
men,28,0.75,2613.872455
men,29,0.75,2601.081149
men,30,0.75,2588.823153
men,31,0.75,2577.127041
men,32,0.75,2566.019491
men,33,0.75,2555.52542
men,34,0.75,2545.66812
men,35,0.75,2536.46939
men,36,0.75,2527.949662
men,37,0.75,2520.128128
men,38,0.75,2513.022863
men,39,0.75,2506.650937
men,40,0.75,2501.028528
men,41,0.75,2496.171031
men,42,0.75,2492.093157
men,43,0.75,2488.80903
men,44,0.75,2486.332281
men,45,0.75,2484.67613
men,46,0.75,2483.853473
men,47,0.75,2483.876953
men,48,0.75,2484.759037
men,49,0.75,2486.512077
men,50,0.75,2489.148379
men,51,0.75,2492.680256
men,52,0.75,2497.120081
men,53,0.75,2502.480339
men,54,0.75,2508.77367
men,55,0.75,2516.012907
men,56,0.75,2524.211116
men,57,0.75,2533.381622
men,58,0.75,2543.538042
men,59,0.75,2554.694305
men,60,0.75,2566.86467
men,61,0.75,2580.063742
men,62,0.75,2594.30648
men,63,0.75,2609.608205
men,64,0.75,2625.984595
men,65,0.75,2643.451683
men,66,0.75,2662.025848
men,67,0.75,2681.723795
men,68,0.75,2702.562535
men,69,0.75,2724.559357
men,70,0.75,2747.731792
men,71,0.75,2772.097571
men,72,0.75,2797.674576
men,73,0.75,2824.48078
men,74,0.75,2852.534182
men,75,0.75,2881.852731
men,76,0.75,2912.454239
men,77,0.75,2944.356287
men,78,0.75,2977.576113
men,79,0.75,3012.130499
men,80,0.75,3048.035634
men,81,0.75,3085.306969
men,82,0.75,3123.959063
men,83,0.75,3164.005402
men,84,0.75,3205.458212
men,85,0.75,3248.328257
men,86,0.75,3292.624611
men,87,0.75,3338.354425
men,88,0.75,3385.522665
men,89,0.75,3434.131839
men,90,0.75,3484.181707
men,91,0.75,3535.66897
men,92,0.75,3588.586937
men,93,0.75,3642.925189
men,94,0.75,3698.669213
men,95,0.75,3755.800025
men,96,0.75,3814.293787
men,97,0.75,3874.121401
men,98,0.75,3935.248105
men,99,0.75,3997.633056
men,100,0.75,4061.228915
women,16,0.75,3691.295583
women,17,0.75,3687.962913
women,18,0.75,3684.042493
women,19,0.75,3679.610159
women,20,0.75,3674.740649
women,21,0.75,3669.507362
women,22,0.75,3663.982158
women,23,0.75,3658.235189
women,24,0.75,3652.33475
women,25,0.75,3646.347166
women,26,0.75,3640.336703
women,27,0.75,3634.365496
women,28,0.75,3628.493509
women,29,0.75,3622.778508
women,30,0.75,3617.276058
women,31,0.75,3612.039528
women,32,0.75,3607.120122
women,33,0.75,3602.566911
women,34,0.75,3598.426885
women,35,0.75,3594.745007
women,36,0.75,3591.564283
women,37,0.75,3588.925829
women,38,0.75,3586.868951
women,39,0.75,3585.431222
women,40,0.75,3584.648567
women,41,0.75,3584.555344
women,42,0.75,3585.184434
women,43,0.75,3586.567317
women,44,0.75,3588.734163
women,45,0.75,3591.713905
women,46,0.75,3595.534326
women,47,0.75,3600.222128
women,48,0.75,3605.803006
women,49,0.75,3612.301718
women,50,0.75,3619.742144
women,51,0.75,3628.147351
women,52,0.75,3637.539641
women,53,0.75,3647.940605
women,54,0.75,3659.371159
women,55,0.75,3671.851588
women,56,0.75,3685.401572
women,57,0.75,3700.040213
women,58,0.75,3715.786049
women,59,0.75,3732.65707
women,60,0.75,3750.670716
women,61,0.75,3769.843877
women,62,0.75,3790.192881
women,63,0.75,3811.733471
women,64,0.75,3834.480782
women,65,0.75,3858.449302
women,66,0.75,3883.652825
women,67,0.75,3910.104404
women,68,0.75,3937.816277
women,69,0.75,3966.799804
women,70,0.75,3997.065376
women,71,0.75,4028.622326
women,72,0.75,4061.47882
women,73,0.75,4095.641748
women,74,0.75,4131.116593
women,75,0.75,4167.907295
women,76,0.75,4206.016102
women,77,0.75,4245.443407
women,78,0.75,4286.18758
women,79,0.75,4328.244782
women,80,0.75,4371.608766
women,81,0.75,4416.270677
women,82,0.75,4462.21883
women,83,0.75,4509.438482
women,84,0.75,4557.911597
women,85,0.75,4607.616599
women,86,0.75,4658.528118
women,87,0.75,4710.616728
women,88,0.75,4763.848687
women,89,0.75,4818.185667
women,90,0.75,4873.584483
women,91,0.75,4929.996831
women,92,0.75,4987.369026
women,93,0.75,5045.641744
women,94,0.75,5104.749783
women,95,0.75,5164.621834
women,96,0.75,5225.180269
women,97,0.75,5286.340962
women,98,0.75,5348.013126
women,99,0.75,5410.09919
women,100,0.75,5472.494717
men,16,0.8,2353.022029
men,17,0.8,2335.550017
men,18,0.8,2318.251406
men,19,0.8,2301.17336
men,20,0.8,2284.359938
men,21,0.8,2267.852193
men,22,0.8,2251.688298
men,23,0.8,2235.90367
men,24,0.8,2220.531108
men,25,0.8,2205.600934
men,26,0.8,2191.141141
men,27,0.8,2177.177537
men,28,0.8,2163.733893
men,29,0.8,2150.832091
men,30,0.8,2138.492266
men,31,0.8,2126.732949
men,32,0.8,2115.571204
men,33,0.8,2105.022759
men,34,0.8,2095.10214
men,35,0.8,2085.822789
men,36,0.8,2077.197187
men,37,0.8,2069.236963
men,38,0.8,2061.953004
men,39,0.8,2055.355558
men,40,0.8,2049.454326
men,41,0.8,2044.258561
men,42,0.8,2039.777147
men,43,0.8,2036.018684
men,44,0.8,2032.991565
men,45,0.8,2030.704043
men,46,0.8,2029.164305
men,47,0.8,2028.380528
men,48,0.8,2028.360941
men,49,0.8,2029.113881
men,50,0.8,2030.647841
men,51,0.8,2032.971518
men,52,0.8,2036.093858
men,53,0.8,2040.024094
men,54,0.8,2044.771785
men,55,0.8,2050.346852
men,56,0.8,2056.759602
men,57,0.8,2064.020764
men,58,0.8,2072.141508
men,59,0.8,2081.13347
men,60,0.8,2091.008771
men,61,0.8,2101.78003
men,62,0.8,2113.460382
men,63,0.8,2126.063481
men,64,0.8,2139.603513
men,65,0.8,2154.095195
men,66,0.8,2169.553774
men,67,0.8,2185.995024
men,68,0.8,2203.435239
men,69,0.8,2221.891214
men,70,0.8,2241.380233
men,71,0.8,2261.920042
men,72,0.8,2283.528822
men,73,0.8,2306.225153
men,74,0.8,2330.027977
men,75,0.8,2354.956544
men,76,0.8,2381.03036
men,77,0.8,2408.269119
men,78,0.8,2436.692638
men,79,0.8,2466.320765
men,80,0.8,2497.173293
men,81,0.8,2529.26985
men,82,0.8,2562.629791
men,83,0.8,2597.27206
men,84,0.8,2633.215055
men,85,0.8,2670.476467
men,86,0.8,2709.073109
men,87,0.8,2749.020726
men,88,0.8,2790.333792
men,89,0.8,2833.025283
men,90,0.8,2877.106439
men,91,0.8,2922.586499
men,92,0.8,2969.472421
men,93,0.8,3017.768582
men,94,0.8,3067.476456
men,95,0.8,3118.594274
men,96,0.8,3171.11666
men,97,0.8,3225.034256
men,98,0.8,3280.333318
men,99,0.8,3336.995306
men,100,0.8,3394.996454
women,16,0.8,3196.618873
women,17,0.8,3187.976669
women,18,0.8,3178.978812
women,19,0.8,3169.695349
women,20,0.8,3160.194339
women,21,0.8,3150.541719
women,22,0.8,3140.801198
women,23,0.8,3131.034177
women,24,0.8,3121.299695
women,25,0.8,3111.654407
women,26,0.8,3102.152567
women,27,0.8,3092.846047
women,28,0.8,3083.78436
women,29,0.8,3075.014707
women,30,0.8,3066.582032
women,31,0.8,3058.529087
women,32,0.8,3050.896513
women,33,0.8,3043.722916
women,34,0.8,3037.044965
women,35,0.8,3030.897478
women,36,0.8,3025.313523
women,37,0.8,3020.324519
women,38,0.8,3015.96033
women,39,0.8,3012.24937
women,40,0.8,3009.218701
women,41,0.8,3006.89413
women,42,0.8,3005.300306
women,43,0.8,3004.460811
women,44,0.8,3004.398253
women,45,0.8,3005.13435
women,46,0.8,3006.690016
women,47,0.8,3009.085436
women,48,0.8,3012.340142
women,49,0.8,3016.473084
women,50,0.8,3021.502694
women,51,0.8,3027.446947
women,52,0.8,3034.323416
women,53,0.8,3042.14932
women,54,0.8,3050.941575
women,55,0.8,3060.716826
women,56,0.8,3071.491487
women,57,0.8,3083.281766
women,58,0.8,3096.10369
women,59,0.8,3109.97312
women,60,0.8,3124.905762
women,61,0.8,3140.917175
women,62,0.8,3158.022763
women,63,0.8,3176.237769
women,64,0.8,3195.577263
women,65,0.8,3216.056115
women,66,0.8,3237.688965
women,67,0.8,3260.490187
women,68,0.8,3284.473842
women,69,0.8,3309.653626
women,70,0.8,3336.042803
women,71,0.8,3363.654133
women,72,0.8,3392.499795
women,73,0.8,3422.591288
women,74,0.8,3453.939335
women,75,0.8,3486.553767
women,76,0.8,3520.443399
women,77,0.8,3555.615893
women,78,0.8,3592.077614
women,79,0.8,3629.833467
women,80,0.8,3668.886728
women,81,0.8,3709.238853
women,82,0.8,3750.889289
women,83,0.8,3793.835255
women,84,0.8,3838.071526
women,85,0.8,3883.590192
women,86,0.8,3930.380414
women,87,0.8,3978.428165
women,88,0.8,4027.715956
women,89,0.8,4078.222562
women,90,0.8,4129.922732
women,91,0.8,4182.786893
women,92,0.8,4236.780856
women,93,0.8,4291.865506
women,94,0.8,4347.996507
women,95,0.8,4405.123999
women,96,0.8,4463.192308
women,97,0.8,4522.13966
women,98,0.8,4581.897916
women,99,0.8,4642.39232
women,100,0.8,4703.541274
men,16,0.85,1961.659437
men,17,0.85,1944.028434
men,18,0.85,1926.698761
men,19,0.85,1909.704328
men,20,0.85,1893.076253
men,21,0.85,1876.843011
men,22,0.85,1861.030591
men,23,0.85,1845.66265
men,24,0.85,1830.760671
men,25,0.85,1816.344122
men,26,0.85,1802.430605
men,27,0.85,1789.036009
men,28,0.85,1776.174654
men,29,0.85,1763.859433
men,30,0.85,1752.10195
men,31,0.85,1740.912645
men,32,0.85,1730.300922
men,33,0.85,1720.275266
men,34,0.85,1710.843356
men,35,0.85,1702.012167
men,36,0.85,1693.788077
men,37,0.85,1686.176954
men,38,0.85,1679.184248
men,39,0.85,1672.815077
men,40,0.85,1667.074297
men,41,0.85,1661.966584
men,42,0.85,1657.496496
men,43,0.85,1653.66854
men,44,0.85,1650.487228
men,45,0.85,1647.957138
men,46,0.85,1646.08296
men,47,0.85,1644.869551
men,48,0.85,1644.321973
men,49,0.85,1644.44554
men,50,0.85,1645.245857
men,51,0.85,1646.728854
men,52,0.85,1648.900823
men,53,0.85,1651.768446
men,54,0.85,1655.338831
men,55,0.85,1659.619531
men,56,0.85,1664.618577
men,57,0.85,1670.344497
men,58,0.85,1676.806341
men,59,0.85,1684.013694
men,60,0.85,1691.976705
men,61,0.85,1700.706091
men,62,0.85,1710.213161
men,63,0.85,1720.509823
men,64,0.85,1731.608594
men,65,0.85,1743.522613
men,66,0.85,1756.26564
men,67,0.85,1769.852066
men,68,0.85,1784.296909
men,69,0.85,1799.615815
men,70,0.85,1815.825052
men,71,0.85,1832.941501
men,72,0.85,1850.982645
men,73,0.85,1869.966552
men,74,0.85,1889.911854
men,75,0.85,1910.837722
men,76,0.85,1932.763835
men,77,0.85,1955.710342
men,78,0.85,1979.697822
men,79,0.85,2004.747225
men,80,0.85,2030.879825
men,81,0.85,2058.11714
men,82,0.85,2086.480868
men,83,0.85,2115.992788
men,84,0.85,2146.674672
men,85,0.85,2178.54817
men,86,0.85,2211.634685
men,87,0.85,2245.955244
men,88,0.85,2281.530337
men,89,0.85,2318.379753
men,90,0.85,2356.522398
men,91,0.85,2395.976087
men,92,0.85,2436.757323
men,93,0.85,2478.881059
men,94,0.85,2522.36043
men,95,0.85,2567.206471
men,96,0.85,2613.427812
men,97,0.85,2661.030345
men,98,0.85,2710.016876
men,99,0.85,2760.386751
men,100,0.85,2812.135457
women,16,0.85,2739.065015
women,17,0.85,2726.776634
women,18,0.85,2714.347302
women,19,0.85,2701.837914
women,20,0.85,2689.306819
women,21,0.85,2676.809784
women,22,0.85,2664.399985
women,23,0.85,2652.12801
women,24,0.85,2640.04189
women,25,0.85,2628.187149
women,26,0.85,2616.606859
women,27,0.85,2605.341718
women,28,0.85,2594.43013
women,29,0.85,2583.908301
women,30,0.85,2573.810338
women,31,0.85,2564.16835
women,32,0.85,2555.012561
women,33,0.85,2546.371416
women,34,0.85,2538.271696
women,35,0.85,2530.738627
women,36,0.85,2523.795994
women,37,0.85,2517.466251
women,38,0.85,2511.770623
women,39,0.85,2506.72922
women,40,0.85,2502.36113
women,41,0.85,2498.684525
women,42,0.85,2495.716751
women,43,0.85,2493.474422
women,44,0.85,2491.973502
women,45,0.85,2491.229393
women,46,0.85,2491.257011
women,47,0.85,2492.070859
women,48,0.85,2493.685096
women,49,0.85,2496.113601
women,50,0.85,2499.370039
women,51,0.85,2503.467907
women,52,0.85,2508.420595
women,53,0.85,2514.241427
women,54,0.85,2520.943704
women,55,0.85,2528.540743
women,56,0.85,2537.045913
women,57,0.85,2546.472658
women,58,0.85,2556.834524
women,59,0.85,2568.145181
women,60,0.85,2580.418435
women,61,0.85,2593.668236
women,62,0.85,2607.90869
women,63,0.85,2623.15405
women,64,0.85,2639.418717
women,65,0.85,2656.717226
women,66,0.85,2675.064229
women,67,0.85,2694.474472
women,68,0.85,2714.962766
women,69,0.85,2736.54395
women,70,0.85,2759.232847
women,71,0.85,2783.044215
women,72,0.85,2807.992686
women,73,0.85,2834.092699
women,74,0.85,2861.358424
women,75,0.85,2889.803678
women,76,0.85,2919.441827
women,77,0.85,2950.28568
women,78,0.85,2982.347375
women,79,0.85,3015.638247
women,80,0.85,3050.168693
women,81,0.85,3085.948012
women,82,0.85,3122.984246
women,83,0.85,3161.283998
women,84,0.85,3200.852238
women,85,0.85,3241.6921
women,86,0.85,3283.804658
women,87,0.85,3327.18869
women,88,0.85,3371.840432
women,89,0.85,3417.753313
women,90,0.85,3464.917677
women,91,0.85,3513.320494
women,92,0.85,3562.945059
women,93,0.85,3613.770679
women,94,0.85,3665.772349
women,95,0.85,3718.920429
women,96,0.85,3773.180302
women,97,0.85,3828.512045
women,98,0.85,3884.870087
women,99,0.85,3942.202883
women,100,0.85,4000.452588
men,16,0.9,1620.784855
men,17,0.9,1603.888862
men,18,0.9,1587.37416
men,19,0.9,1571.262869
men,20,0.9,1555.574805
men,21,0.9,1540.32764
men,22,0.9,1525.537071
men,23,0.9,1511.216975
men,24,0.9,1497.379566
men,25,0.9,1484.035542
men,26,0.9,1471.194229
men,27,0.9,1458.863717
men,28,0.9,1447.050989
men,29,0.9,1435.762046
men,30,0.9,1425.002022
men,31,0.9,1414.775293
men,32,0.9,1405.085581
men,33,0.9,1395.936051
men,34,0.9,1387.329398
men,35,0.9,1379.267936
men,36,0.9,1371.753672
men,37,0.9,1364.788384
men,38,0.9,1358.373684
men,39,0.9,1352.511085
men,40,0.9,1347.202058
men,41,0.9,1342.448086
men,42,0.9,1338.250719
men,43,0.9,1334.611616
men,44,0.9,1331.53259
men,45,0.9,1329.01565
men,46,0.9,1327.063041
men,47,0.9,1325.677274
men,48,0.9,1324.861162
men,49,0.9,1324.617853
men,50,0.9,1324.950855
men,51,0.9,1325.864065
men,52,0.9,1327.361793
men,53,0.9,1329.448791
men,54,0.9,1332.130268
men,55,0.9,1335.411917
men,56,0.9,1339.299933
men,57,0.9,1343.801033
men,58,0.9,1348.922472
men,59,0.9,1354.672064
men,60,0.9,1361.058194
men,61,0.9,1368.089836
men,62,0.9,1375.776565
men,63,0.9,1384.128574
men,64,0.9,1393.15668
men,65,0.9,1402.872343
men,66,0.9,1413.287667
men,67,0.9,1424.415418
men,68,0.9,1436.269025
men,69,0.9,1448.862585
men,70,0.9,1462.210872
men,71,0.9,1476.329336
men,72,0.9,1491.234101
men,73,0.9,1506.941966
men,74,0.9,1523.470396
men,75,0.9,1540.837514
men,76,0.9,1559.06209
men,77,0.9,1578.163525
men,78,0.9,1598.161828
men,79,0.9,1619.077592
men,80,0.9,1640.931961
men,81,0.9,1663.746595
men,82,0.9,1687.543625
men,83,0.9,1712.345601
men,84,0.9,1738.175431
men,85,0.9,1765.056312
men,86,0.9,1793.011653
men,87,0.9,1822.064982
men,88,0.9,1852.239844
men,89,0.9,1883.559687
men,90,0.9,1916.047729
men,91,0.9,1949.726817
men,92,0.9,1984.619264
men,93,0.9,2020.746666
men,94,0.9,2058.12971
men,95,0.9,2096.787951
men,96,0.9,2136.739573
men,97,0.9,2178.001129
men,98,0.9,2220.587254
men,99,0.9,2264.510357
men,100,0.9,2309.780286
women,16,0.9,2322.685342
women,17,0.9,2308.250244
women,18,0.9,2293.857308
women,19,0.9,2279.556222
women,20,0.9,2265.393918
women,21,0.9,2251.414628
women,22,0.9,2237.65994
women,23,0.9,2224.16888
women,24,0.9,2210.978
women,25,0.9,2198.121478
women,26,0.9,2185.631227
women,27,0.9,2173.537005
women,28,0.9,2161.866538
women,29,0.9,2150.645634
women,30,0.9,2139.898307
women,31,0.9,2129.6469
women,32,0.9,2119.912204
women,33,0.9,2110.713576
women,34,0.9,2102.069059
women,35,0.9,2093.995494
women,36,0.9,2086.50863
women,37,0.9,2079.623231
women,38,0.9,2073.35318
women,39,0.9,2067.711576
women,40,0.9,2062.710827
women,41,0.9,2058.362744
women,42,0.9,2054.678622
women,43,0.9,2051.66932
women,44,0.9,2049.345344
women,45,0.9,2047.716911
women,46,0.9,2046.794021
women,47,0.9,2046.58652
women,48,0.9,2047.104159
women,49,0.9,2048.356649
women,50,0.9,2050.353714
women,51,0.9,2053.105138
women,52,0.9,2056.620806
women,53,0.9,2060.910753
women,54,0.9,2065.98519
women,55,0.9,2071.854548
women,56,0.9,2078.529499
women,57,0.9,2086.020988
women,58,0.9,2094.340258
women,59,0.9,2103.498863
women,60,0.9,2113.508692
women,61,0.9,2124.381975
women,62,0.9,2136.131299
women,63,0.9,2148.769607
women,64,0.9,2162.310205
women,65,0.9,2176.766759
women,66,0.9,2192.153283
women,67,0.9,2208.484136
women,68,0.9,2225.773999
women,69,0.9,2244.03786
women,70,0.9,2263.290984
women,71,0.9,2283.548883
women,72,0.9,2304.827276
women,73,0.9,2327.142047
women,74,0.9,2350.509191
women,75,0.9,2374.944758
women,76,0.9,2400.464781
women,77,0.9,2427.085205
women,78,0.9,2454.821798
women,79,0.9,2483.690059
women,80,0.9,2513.705113
women,81,0.9,2544.881589
women,82,0.9,2577.2335
women,83,0.9,2610.774097
women,84,0.9,2645.515713
women,85,0.9,2681.469605
women,86,0.9,2718.64576
women,87,0.9,2757.052708
women,88,0.9,2796.697305
women,89,0.9,2837.584508
women,90,0.9,2879.717129
women,91,0.9,2923.095576
women,92,0.9,2967.717581
women,93,0.9,3013.577901
women,94,0.9,3060.668021
women,95,0.9,3108.975823
women,96,0.9,3158.48526
women,97,0.9,3209.176004
women,98,0.9,3261.02309
women,99,0.9,3313.996556
women,100,0.9,3368.061069
men,16,0.95,1328.203113
men,17,0.95,1312.631756
men,18,0.95,1297.479795
men,19,0.95,1282.759683
men,20,0.95,1268.482115
men,21,0.95,1254.656186
men,22,0.95,1241.289539
men,23,0.95,1228.388515
men,24,0.95,1215.958281
men,25,0.95,1204.002965
men,26,0.95,1192.525774
men,27,0.95,1181.529107
men,28,0.95,1171.014663
men,29,0.95,1160.983538
men,30,0.95,1151.43632
men,31,0.95,1142.373172
men,32,0.95,1133.793912
men,33,0.95,1125.698087
men,34,0.95,1118.08504
men,35,0.95,1110.953973
men,36,0.95,1104.304007
men,37,0.95,1098.13423
men,38,0.95,1092.443752
men,39,0.95,1087.231745
men,40,0.95,1082.497489
men,41,0.95,1078.240408
men,42,0.95,1074.460105
men,43,0.95,1071.156398
men,44,0.95,1068.329346
men,45,0.95,1065.979281
men,46,0.95,1064.106833
men,47,0.95,1062.712952
men,48,0.95,1061.798937
men,49,0.95,1061.366449
men,50,0.95,1061.417541
men,51,0.95,1061.954668
men,52,0.95,1062.980712
men,53,0.95,1064.498998
men,54,0.95,1066.513307
men,55,0.95,1069.027897
men,56,0.95,1072.047515
men,57,0.95,1075.577417
men,58,0.95,1079.623376
men,59,0.95,1084.191702
men,60,0.95,1089.289252
men,61,0.95,1094.923446
men,62,0.95,1101.102283
men,63,0.95,1107.834346
men,64,0.95,1115.128823
men,65,0.95,1122.995515
men,66,0.95,1131.44485
men,67,0.95,1140.487891
men,68,0.95,1150.136353
men,69,0.95,1160.402607
men,70,0.95,1171.299692
men,71,0.95,1182.841325
men,72,0.95,1195.041905
men,73,0.95,1207.916521
men,74,0.95,1221.480958
men,75,0.95,1235.751697
men,76,0.95,1250.745917
men,77,0.95,1266.481493
men,78,0.95,1282.976992
men,79,0.95,1300.251666
men,80,0.95,1318.325439
men,81,0.95,1337.218895
men,82,0.95,1356.953256
men,83,0.95,1377.550358
men,84,0.95,1399.032621
men,85,0.95,1421.42301
men,86,0.95,1444.744994
men,87,0.95,1469.022492
men,88,0.95,1494.279811
men,89,0.95,1520.541576
men,90,0.95,1547.832647
men,91,0.95,1576.178028
men,92,0.95,1605.602755
men,93,0.95,1636.131777
men,94,0.95,1667.78982
men,95,0.95,1700.601229
men,96,0.95,1734.589799
men,97,0.95,1769.778584
men,98,0.95,1806.189678
men,99,0.95,1843.843984
men,100,0.95,1882.760954
women,16,0.95,1949.943519
women,17,0.95,1934.622862
women,18,0.95,1919.487145
women,19,0.95,1904.5742
women,20,0.95,1889.919209
women,21,0.95,1875.554813
women,22,0.95,1861.51122
women,23,0.95,1847.816332
women,24,0.95,1834.495866
women,25,0.95,1821.573489
women,26,0.95,1809.07094
women,27,0.95,1797.008168
women,28,0.95,1785.403457
women,29,0.95,1774.273554
women,30,0.95,1763.633796
women,31,0.95,1753.498228
women,32,0.95,1743.879721
women,33,0.95,1734.790089
women,34,0.95,1726.240194
women,35,0.95,1718.240048
women,36,0.95,1710.798918
women,37,0.95,1703.925416
women,38,0.95,1697.627591
women,39,0.95,1691.913011
women,40,0.95,1686.788843
women,41,0.95,1682.261932
women,42,0.95,1678.338868
women,43,0.95,1675.026053
women,44,0.95,1672.329765
women,45,0.95,1670.256218
women,46,0.95,1668.811611
women,47,0.95,1668.002185
women,48,0.95,1667.834269
women,49,0.95,1668.314321
women,50,0.95,1669.448977
women,51,0.95,1671.245081
women,52,0.95,1673.709729
women,53,0.95,1676.850293
women,54,0.95,1680.674461
women,55,0.95,1685.190256
women,56,0.95,1690.406071
women,57,0.95,1696.330683
women,58,0.95,1702.973279
women,59,0.95,1710.343476
women,60,0.95,1718.451333
women,61,0.95,1727.307368
women,62,0.95,1736.922569
women,63,0.95,1747.308402
women,64,0.95,1758.476821
women,65,0.95,1770.440266
women,66,0.95,1783.211671
women,67,0.95,1796.804458
women,68,0.95,1811.232532
women,69,0.95,1826.510274
women,70,0.95,1842.652528
women,71,0.95,1859.674585
women,72,0.95,1877.592161
women,73,0.95,1896.421374
women,74,0.95,1916.178712
women,75,0.95,1936.880997
women,76,0.95,1958.545342
women,77,0.95,1981.189104
women,78,0.95,2004.829826
women,79,0.95,2029.485175
women,80,0.95,2055.172867
women,81,0.95,2081.910591
women,82,0.95,2109.71591
women,83,0.95,2138.606165
women,84,0.95,2168.598363
women,85,0.95,2199.709045
women,86,0.95,2231.954155
women,87,0.95,2265.348885
women,88,0.95,2299.907509
women,89,0.95,2335.643201
women,90,0.95,2372.567841
women,91,0.95,2410.691795
women,92,0.95,2450.02369
women,93,0.95,2490.570163
women,94,0.95,2532.33559
women,95,0.95,2575.32181
women,96,0.95,2619.527815
women,97,0.95,2664.949431
women,98,0.95,2711.578982
women,99,0.95,2759.404935
women,100,0.95,2808.411531
men,16,1,1080.434973
men,17,1,1066.518625
men,18,1,1053.026653
men,19,1,1039.964172
men,20,1,1027.335063
men,21,1,1015.14211
men,22,1,1003.387127
men,23,1,992.0710768
men,24,1,981.1941774
men,25,1,970.7560082
men,26,1,960.7556032
men,27,1,951.1915388
men,28,1,942.0620143
men,29,1,933.3649266
men,30,1,925.0979377
men,31,1,917.2585378
men,32,1,909.844102
men,33,1,902.8519427
men,34,1,896.2793573
men,35,1,890.1236717
men,36,1,884.3822804
men,37,1,879.0526822
men,38,1,874.132514
men,39,1,869.6195802
men,40,1,865.5118813
men,41,1,861.8076386
men,42,1,858.5053177
men,43,1,855.6036501
men,44,1,853.1016528
men,45,1,850.9986469
men,46,1,849.2942743
men,47,1,847.9885143
men,48,1,847.0816987
men,49,1,846.5745256
men,50,1,846.4680737
men,51,1,846.7638149
men,52,1,847.4636276
men,53,1,848.5698085
men,54,1,850.0850852
men,55,1,852.0126276
men,56,1,854.3560603
men,57,1,857.1194738
men,58,1,860.3074368
men,59,1,863.9250075
men,60,1,867.9777459
men,61,1,872.4717253
men,62,1,877.4135449
men,63,1,882.8103416
men,64,1,888.6698022
men,65,1,895.0001764
men,66,1,901.8102883
men,67,1,909.1095499
men,68,1,916.9079729
men,69,1,925.2161813
men,70,1,934.0454239
men,71,1,943.407586
men,72,1,953.3152015
men,73,1,963.7814639
men,74,1,974.8202369
men,75,1,986.4460645
men,76,1,998.67418
men,77,1,1011.520514
men,78,1,1025.001699
men,79,1,1039.135077
men,80,1,1053.9387
men,81,1,1069.431331
men,82,1,1085.632442
men,83,1,1102.562207
men,84,1,1120.241495
men,85,1,1138.691855
men,86,1,1157.935497
men,87,1,1177.995271
men,88,1,1198.894636
men,89,1,1220.65762
men,90,1,1243.308784
men,91,1,1266.873159
men,92,1,1291.376191
men,93,1,1316.843662
men,94,1,1343.301608
men,95,1,1370.776219
men,96,1,1399.293726
men,97,1,1428.880274
men,98,1,1459.56177
men,99,1,1491.363727
men,100,1,1524.311071
women,16,1,1621.590362
women,17,1,1606.368082
women,18,1,1591.430432
women,19,1,1576.803981
women,20,1,1562.512975
women,21,1,1548.57947
women,22,1,1535.023474
women,23,1,1521.863084
women,24,1,1509.114623
women,25,1,1496.792779
women,26,1,1484.910733
women,27,1,1473.480291
women,28,1,1462.512004
women,29,1,1452.015293
women,30,1,1441.998557
women,31,1,1432.469286
women,32,1,1423.434164
women,33,1,1414.899164
women,34,1,1406.869643
women,35,1,1399.350432
women,36,1,1392.34591
women,37,1,1385.860089
women,38,1,1379.896684
women,39,1,1374.459176
women,40,1,1369.550882
women,41,1,1365.17501
women,42,1,1361.334716
women,43,1,1358.033153
women,44,1,1355.273522
women,45,1,1353.059114
women,46,1,1351.393354
women,47,1,1350.279837
women,48,1,1349.72237
women,49,1,1349.724997
women,50,1,1350.292039
women,51,1,1351.428119
women,52,1,1353.13819
women,53,1,1355.427563
women,54,1,1358.301928
women,55,1,1361.767377
women,56,1,1365.830427
women,57,1,1370.498037
women,58,1,1375.777627
women,59,1,1381.677096
women,60,1,1388.204832
women,61,1,1395.369734
women,62,1,1403.181216
women,63,1,1411.649224
women,64,1,1420.784244
women,65,1,1430.597309
women,66,1,1441.100005
women,67,1,1452.304477
women,68,1,1464.22343
women,69,1,1476.870131
women,70,1,1490.258407
women,71,1,1504.402638
women,72,1,1519.31775
women,73,1,1535.01921
women,74,1,1551.523003
women,75,1,1568.845622
women,76,1,1587.004041
women,77,1,1606.01569
women,78,1,1625.898423
women,79,1,1646.670481
women,80,1,1668.350447
women,81,1,1690.957194
women,82,1,1714.509828
women,83,1,1739.027624
women,84,1,1764.529944
women,85,1,1791.036157
women,86,1,1818.565541
women,87,1,1847.137175
women,88,1,1876.76982
women,89,1,1907.481784
women,90,1,1939.290777
women,91,1,1972.213746
women,92,1,2006.266698
women,93,1,2041.464504
women,94,1,2077.820685
women,95,1,2115.347179
women,96,1,2154.05409
women,97,1,2193.949421
women,98,1,2235.038776
women,99,1,2277.325051
women,100,1,2320.808106
