year,sex,qimd,agegroup,deaths
2001,1,1,<1,676
2001,1,1,01-04,126
2001,1,1,05-09,63
2001,1,1,10-14,91
2001,1,1,15-19,246
2001,1,1,20-24,395
2001,1,1,25-29,509
2001,1,1,30-34,707
2001,1,1,35-39,871
2001,1,1,40-44,1108
2001,1,1,45-49,1568
2001,1,1,50-54,2321
2001,1,1,55-59,2867
2001,1,1,60-64,4124
2001,1,1,65-69,5800
2001,1,1,70-74,7883
2001,1,1,75-79,9695
2001,1,1,80-84,7907
2001,1,1,85-89,5436
2001,1,1,90+,2689
2001,1,2,<1,359
2001,1,2,01-04,61
2001,1,2,05-09,32
2001,1,2,10-14,77
2001,1,2,15-19,178
2001,1,2,20-24,236
2001,1,2,25-29,343
2001,1,2,30-34,501
2001,1,2,35-39,604
2001,1,2,40-44,708
2001,1,2,45-49,1066
2001,1,2,50-54,1645
2001,1,2,55-59,2262
2001,1,2,60-64,3231
2001,1,2,65-69,4627
2001,1,2,70-74,6858
2001,1,2,75-79,8954
2001,1,2,80-84,8117
2001,1,2,85-89,6292
2001,1,2,90+,3538
2001,1,3,<1,230
2001,1,3,01-04,44
2001,1,3,05-09,27
2001,1,3,10-14,50
2001,1,3,15-19,168
2001,1,3,20-24,213
2001,1,3,25-29,268
2001,1,3,30-34,375
2001,1,3,35-39,432
2001,1,3,40-44,554
2001,1,3,45-49,805
2001,1,3,50-54,1457
2001,1,3,55-59,2062
2001,1,3,60-64,2864
2001,1,3,65-69,4244
2001,1,3,70-74,6362
2001,1,3,75-79,8679
2001,1,3,80-84,8618
2001,1,3,85-89,6916
2001,1,3,90+,4289
2001,1,4,<1,239
2001,1,4,01-04,32
2001,1,4,05-09,36
2001,1,4,10-14,34
2001,1,4,15-19,130
2001,1,4,20-24,182
2001,1,4,25-29,210
2001,1,4,30-34,288
2001,1,4,35-39,339
2001,1,4,40-44,465
2001,1,4,45-49,734
2001,1,4,50-54,1290
2001,1,4,55-59,1923
2001,1,4,60-64,2617
2001,1,4,65-69,3862
2001,1,4,70-74,5944
2001,1,4,75-79,8007
2001,1,4,80-84,7890
2001,1,4,85-89,6741
2001,1,4,90+,4227
2001,1,5,<1,202
2001,1,5,01-04,46
2001,1,5,05-09,27
2001,1,5,10-14,49
2001,1,5,15-19,136
2001,1,5,20-24,132
2001,1,5,25-29,143
2001,1,5,30-34,191
2001,1,5,35-39,278
2001,1,5,40-44,370
2001,1,5,45-49,548
2001,1,5,50-54,1103
2001,1,5,55-59,1616
2001,1,5,60-64,2131
2001,1,5,65-69,3174
2001,1,5,70-74,4953
2001,1,5,75-79,6824
2001,1,5,80-84,6807
2001,1,5,85-89,5908
2001,1,5,90+,3761
2001,2,1,<1,535
2001,2,1,01-04,101
2001,2,1,05-09,52
2001,2,1,10-14,44
2001,2,1,15-19,100
2001,2,1,20-24,122
2001,2,1,25-29,204
2001,2,1,30-34,319
2001,2,1,35-39,440
2001,2,1,40-44,549
2001,2,1,45-49,875
2001,2,1,50-54,1311
2001,2,1,55-59,1664
2001,2,1,60-64,2469
2001,2,1,65-69,3871
2001,2,1,70-74,6010
2001,2,1,75-79,8621
2001,2,1,80-84,9638
2001,2,1,85-89,9696
2001,2,1,90+,9012
2001,2,2,<1,324
2001,2,2,01-04,46
2001,2,2,05-09,42
2001,2,2,10-14,28
2001,2,2,15-19,84
2001,2,2,20-24,101
2001,2,2,25-29,133
2001,2,2,30-34,220
2001,2,2,35-39,352
2001,2,2,40-44,507
2001,2,2,45-49,666
2001,2,2,50-54,1146
2001,2,2,55-59,1392
2001,2,2,60-64,2051
2001,2,2,65-69,3001
2001,2,2,70-74,5215
2001,2,2,75-79,8259
2001,2,2,80-84,9954
2001,2,2,85-89,10580
2001,2,2,90+,10806
2001,2,3,<1,192
2001,2,3,01-04,42
2001,2,3,05-09,27
2001,2,3,10-14,28
2001,2,3,15-19,62
2001,2,3,20-24,70
2001,2,3,25-29,93
2001,2,3,30-34,178
2001,2,3,35-39,262
2001,2,3,40-44,392
2001,2,3,45-49,575
2001,2,3,50-54,1026
2001,2,3,55-59,1384
2001,2,3,60-64,1833
2001,2,3,65-69,2765
2001,2,3,70-74,4798
2001,2,3,75-79,7581
2001,2,3,80-84,9864
2001,2,3,85-89,11619
2001,2,3,90+,12698
2001,2,4,<1,156
2001,2,4,01-04,32
2001,2,4,05-09,34
2001,2,4,10-14,34
2001,2,4,15-19,53
2001,2,4,20-24,80
2001,2,4,25-29,90
2001,2,4,30-34,128
2001,2,4,35-39,234
2001,2,4,40-44,342
2001,2,4,45-49,493
2001,2,4,50-54,1042
2001,2,4,55-59,1312
2001,2,4,60-64,1709
2001,2,4,65-69,2411
2001,2,4,70-74,4243
2001,2,4,75-79,6964
2001,2,4,80-84,9157
2001,2,4,85-89,11078
2001,2,4,90+,12246
2001,2,5,<1,150
2001,2,5,01-04,35
2001,2,5,05-09,28
2001,2,5,10-14,24
2001,2,5,15-19,61
2001,2,5,20-24,54
2001,2,5,25-29,70
2001,2,5,30-34,110
2001,2,5,35-39,246
2001,2,5,40-44,279
2001,2,5,45-49,458
2001,2,5,50-54,824
2001,2,5,55-59,1096
2001,2,5,60-64,1483
2001,2,5,65-69,2115
2001,2,5,70-74,3398
2001,2,5,75-79,5634
2001,2,5,80-84,7388
2001,2,5,85-89,9286
2001,2,5,90+,10255
2002,1,1,<1,671
2002,1,1,01-04,101
2002,1,1,05-09,54
2002,1,1,10-14,70
2002,1,1,15-19,230
2002,1,1,20-24,376
2002,1,1,25-29,468
2002,1,1,30-34,699
2002,1,1,35-39,895
2002,1,1,40-44,1087
2002,1,1,45-49,1562
2002,1,1,50-54,2153
2002,1,1,55-59,3030
2002,1,1,60-64,4061
2002,1,1,65-69,5635
2002,1,1,70-74,7634
2002,1,1,75-79,9373
2002,1,1,80-84,8380
2002,1,1,85-89,5318
2002,1,1,90+,2854
2002,1,2,<1,392
2002,1,2,01-04,45
2002,1,2,05-09,40
2002,1,2,10-14,61
2002,1,2,15-19,170
2002,1,2,20-24,267
2002,1,2,25-29,372
2002,1,2,30-34,429
2002,1,2,35-39,589
2002,1,2,40-44,812
2002,1,2,45-49,1064
2002,1,2,50-54,1628
2002,1,2,55-59,2367
2002,1,2,60-64,3250
2002,1,2,65-69,4569
2002,1,2,70-74,6675
2002,1,2,75-79,8681
2002,1,2,80-84,8651
2002,1,2,85-89,6244
2002,1,2,90+,3778
2002,1,3,<1,271
2002,1,3,01-04,61
2002,1,3,05-09,38
2002,1,3,10-14,53
2002,1,3,15-19,179
2002,1,3,20-24,211
2002,1,3,25-29,270
2002,1,3,30-34,391
2002,1,3,35-39,429
2002,1,3,40-44,577
2002,1,3,45-49,846
2002,1,3,50-54,1388
2002,1,3,55-59,2155
2002,1,3,60-64,2897
2002,1,3,65-69,4129
2002,1,3,70-74,6134
2002,1,3,75-79,8468
2002,1,3,80-84,8980
2002,1,3,85-89,6788
2002,1,3,90+,4504
2002,1,4,<1,222
2002,1,4,01-04,46
2002,1,4,05-09,28
2002,1,4,10-14,43
2002,1,4,15-19,147
2002,1,4,20-24,191
2002,1,4,25-29,201
2002,1,4,30-34,257
2002,1,4,35-39,383
2002,1,4,40-44,449
2002,1,4,45-49,710
2002,1,4,50-54,1190
2002,1,4,55-59,1883
2002,1,4,60-64,2542
2002,1,4,65-69,3906
2002,1,4,70-74,5827
2002,1,4,75-79,7809
2002,1,4,80-84,8520
2002,1,4,85-89,6762
2002,1,4,90+,4600
2002,1,5,<1,181
2002,1,5,01-04,50
2002,1,5,05-09,28
2002,1,5,10-14,41
2002,1,5,15-19,123
2002,1,5,20-24,159
2002,1,5,25-29,132
2002,1,5,30-34,207
2002,1,5,35-39,253
2002,1,5,40-44,375
2002,1,5,45-49,596
2002,1,5,50-54,990
2002,1,5,55-59,1676
2002,1,5,60-64,2032
2002,1,5,65-69,3203
2002,1,5,70-74,5021
2002,1,5,75-79,6754
2002,1,5,80-84,7129
2002,1,5,85-89,5870
2002,1,5,90+,3943
2002,2,1,<1,485
2002,2,1,01-04,68
2002,2,1,05-09,52
2002,2,1,10-14,51
2002,2,1,15-19,94
2002,2,1,20-24,130
2002,2,1,25-29,179
2002,2,1,30-34,322
2002,2,1,35-39,473
2002,2,1,40-44,565
2002,2,1,45-49,900
2002,2,1,50-54,1224
2002,2,1,55-59,1713
2002,2,1,60-64,2408
2002,2,1,65-69,3602
2002,2,1,70-74,5743
2002,2,1,75-79,8643
2002,2,1,80-84,10296
2002,2,1,85-89,9675
2002,2,1,90+,9427
2002,2,2,<1,278
2002,2,2,01-04,53
2002,2,2,05-09,31
2002,2,2,10-14,33
2002,2,2,15-19,83
2002,2,2,20-24,102
2002,2,2,25-29,118
2002,2,2,30-34,206
2002,2,2,35-39,330
2002,2,2,40-44,442
2002,2,2,45-49,697
2002,2,2,50-54,1024
2002,2,2,55-59,1467
2002,2,2,60-64,2013
2002,2,2,65-69,2932
2002,2,2,70-74,5019
2002,2,2,75-79,7968
2002,2,2,80-84,10279
2002,2,2,85-89,10582
2002,2,2,90+,11317
2002,2,3,<1,218
2002,2,3,01-04,44
2002,2,3,05-09,26
2002,2,3,10-14,38
2002,2,3,15-19,62
2002,2,3,20-24,83
2002,2,3,25-29,105
2002,2,3,30-34,173
2002,2,3,35-39,224
2002,2,3,40-44,431
2002,2,3,45-49,569
2002,2,3,50-54,947
2002,2,3,55-59,1399
2002,2,3,60-64,1843
2002,2,3,65-69,2713
2002,2,3,70-74,4624
2002,2,3,75-79,7542
2002,2,3,80-84,10239
2002,2,3,85-89,11367
2002,2,3,90+,12889
2002,2,4,<1,149
2002,2,4,01-04,29
2002,2,4,05-09,19
2002,2,4,10-14,41
2002,2,4,15-19,70
2002,2,4,20-24,68
2002,2,4,25-29,81
2002,2,4,30-34,128
2002,2,4,35-39,215
2002,2,4,40-44,360
2002,2,4,45-49,549
2002,2,4,50-54,881
2002,2,4,55-59,1350
2002,2,4,60-64,1740
2002,2,4,65-69,2528
2002,2,4,70-74,4184
2002,2,4,75-79,6821
2002,2,4,80-84,9342
2002,2,4,85-89,10997
2002,2,4,90+,12948
2002,2,5,<1,135
2002,2,5,01-04,31
2002,2,5,05-09,19
2002,2,5,10-14,28
2002,2,5,15-19,55
2002,2,5,20-24,49
2002,2,5,25-29,70
2002,2,5,30-34,118
2002,2,5,35-39,187
2002,2,5,40-44,303
2002,2,5,45-49,467
2002,2,5,50-54,860
2002,2,5,55-59,1219
2002,2,5,60-64,1412
2002,2,5,65-69,2037
2002,2,5,70-74,3500
2002,2,5,75-79,5375
2002,2,5,80-84,7723
2002,2,5,85-89,9232
2002,2,5,90+,10934
2003,1,1,<1,708
2003,1,1,01-04,124
2003,1,1,05-09,51
2003,1,1,10-14,61
2003,1,1,15-19,217
2003,1,1,20-24,359
2003,1,1,25-29,416
2003,1,1,30-34,715
2003,1,1,35-39,844
2003,1,1,40-44,1168
2003,1,1,45-49,1473
2003,1,1,50-54,2201
2003,1,1,55-59,3145
2003,1,1,60-64,4058
2003,1,1,65-69,5523
2003,1,1,70-74,7288
2003,1,1,75-79,8952
2003,1,1,80-84,8877
2003,1,1,85-89,5218
2003,1,1,90+,3088
2003,1,2,<1,374
2003,1,2,01-04,52
2003,1,2,05-09,46
2003,1,2,10-14,38
2003,1,2,15-19,168
2003,1,2,20-24,280
2003,1,2,25-29,316
2003,1,2,30-34,475
2003,1,2,35-39,644
2003,1,2,40-44,792
2003,1,2,45-49,1023
2003,1,2,50-54,1569
2003,1,2,55-59,2479
2003,1,2,60-64,3158
2003,1,2,65-69,4431
2003,1,2,70-74,6389
2003,1,2,75-79,8342
2003,1,2,80-84,9137
2003,1,2,85-89,6029
2003,1,2,90+,3965
2003,1,3,<1,255
2003,1,3,01-04,37
2003,1,3,05-09,38
2003,1,3,10-14,59
2003,1,3,15-19,142
2003,1,3,20-24,234
2003,1,3,25-29,222
2003,1,3,30-34,293
2003,1,3,35-39,444
2003,1,3,40-44,629
2003,1,3,45-49,877
2003,1,3,50-54,1338
2003,1,3,55-59,2215
2003,1,3,60-64,2858
2003,1,3,65-69,4117
2003,1,3,70-74,6030
2003,1,3,75-79,8149
2003,1,3,80-84,9380
2003,1,3,85-89,6574
2003,1,3,90+,4846
2003,1,4,<1,198
2003,1,4,01-04,29
2003,1,4,05-09,32
2003,1,4,10-14,42
2003,1,4,15-19,141
2003,1,4,20-24,179
2003,1,4,25-29,184
2003,1,4,30-34,261
2003,1,4,35-39,340
2003,1,4,40-44,471
2003,1,4,45-49,688
2003,1,4,50-54,1126
2003,1,4,55-59,2026
2003,1,4,60-64,2583
2003,1,4,65-69,3852
2003,1,4,70-74,5667
2003,1,4,75-79,7766
2003,1,4,80-84,8923
2003,1,4,85-89,6539
2003,1,4,90+,4771
2003,1,5,<1,200
2003,1,5,01-04,44
2003,1,5,05-09,24
2003,1,5,10-14,42
2003,1,5,15-19,117
2003,1,5,20-24,170
2003,1,5,25-29,129
2003,1,5,30-34,187
2003,1,5,35-39,266
2003,1,5,40-44,420
2003,1,5,45-49,573
2003,1,5,50-54,952
2003,1,5,55-59,1671
2003,1,5,60-64,2159
2003,1,5,65-69,3237
2003,1,5,70-74,4775
2003,1,5,75-79,6570
2003,1,5,80-84,7582
2003,1,5,85-89,5622
2003,1,5,90+,4151
2003,2,1,<1,572
2003,2,1,01-04,101
2003,2,1,05-09,41
2003,2,1,10-14,41
2003,2,1,15-19,94
2003,2,1,20-24,141
2003,2,1,25-29,178
2003,2,1,30-34,310
2003,2,1,35-39,398
2003,2,1,40-44,622
2003,2,1,45-49,878
2003,2,1,50-54,1266
2003,2,1,55-59,1754
2003,2,1,60-64,2376
2003,2,1,65-69,3518
2003,2,1,70-74,5712
2003,2,1,75-79,8365
2003,2,1,80-84,11000
2003,2,1,85-89,9377
2003,2,1,90+,10016
2003,2,2,<1,304
2003,2,2,01-04,52
2003,2,2,05-09,30
2003,2,2,10-14,36
2003,2,2,15-19,63
2003,2,2,20-24,98
2003,2,2,25-29,142
2003,2,2,30-34,216
2003,2,2,35-39,372
2003,2,2,40-44,485
2003,2,2,45-49,744
2003,2,2,50-54,1038
2003,2,2,55-59,1533
2003,2,2,60-64,1931
2003,2,2,65-69,3039
2003,2,2,70-74,4862
2003,2,2,75-79,7841
2003,2,2,80-84,11008
2003,2,2,85-89,10384
2003,2,2,90+,11890
2003,2,3,<1,215
2003,2,3,01-04,36
2003,2,3,05-09,36
2003,2,3,10-14,46
2003,2,3,15-19,65
2003,2,3,20-24,75
2003,2,3,25-29,103
2003,2,3,30-34,157
2003,2,3,35-39,241
2003,2,3,40-44,437
2003,2,3,45-49,544
2003,2,3,50-54,907
2003,2,3,55-59,1483
2003,2,3,60-64,1826
2003,2,3,65-69,2799
2003,2,3,70-74,4478
2003,2,3,75-79,7369
2003,2,3,80-84,10962
2003,2,3,85-89,11275
2003,2,3,90+,13669
2003,2,4,<1,176
2003,2,4,01-04,34
2003,2,4,05-09,12
2003,2,4,10-14,38
2003,2,4,15-19,67
2003,2,4,20-24,79
2003,2,4,25-29,84
2003,2,4,30-34,147
2003,2,4,35-39,224
2003,2,4,40-44,355
2003,2,4,45-49,541
2003,2,4,50-54,812
2003,2,4,55-59,1395
2003,2,4,60-64,1675
2003,2,4,65-69,2475
2003,2,4,70-74,3968
2003,2,4,75-79,6605
2003,2,4,80-84,9903
2003,2,4,85-89,10720
2003,2,4,90+,13425
2003,2,5,<1,143
2003,2,5,01-04,37
2003,2,5,05-09,29
2003,2,5,10-14,34
2003,2,5,15-19,57
2003,2,5,20-24,51
2003,2,5,25-29,66
2003,2,5,30-34,123
2003,2,5,35-39,211
2003,2,5,40-44,294
2003,2,5,45-49,435
2003,2,5,50-54,810
2003,2,5,55-59,1255
2003,2,5,60-64,1456
2003,2,5,65-69,2132
2003,2,5,70-74,3384
2003,2,5,75-79,5341
2003,2,5,80-84,8265
2003,2,5,85-89,8822
2003,2,5,90+,11257
2004,1,1,<1,650
2004,1,1,01-04,104
2004,1,1,05-09,42
2004,1,1,10-14,82
2004,1,1,15-19,217
2004,1,1,20-24,361
2004,1,1,25-29,450
2004,1,1,30-34,614
2004,1,1,35-39,881
2004,1,1,40-44,1203
2004,1,1,45-49,1498
2004,1,1,50-54,2088
2004,1,1,55-59,2996
2004,1,1,60-64,3818
2004,1,1,65-69,5432
2004,1,1,70-74,6902
2004,1,1,75-79,8350
2004,1,1,80-84,8784
2004,1,1,85-89,4844
2004,1,1,90+,3090
2004,1,2,<1,378
2004,1,2,01-04,59
2004,1,2,05-09,31
2004,1,2,10-14,49
2004,1,2,15-19,154
2004,1,2,20-24,284
2004,1,2,25-29,292
2004,1,2,30-34,426
2004,1,2,35-39,602
2004,1,2,40-44,763
2004,1,2,45-49,1015
2004,1,2,50-54,1618
2004,1,2,55-59,2280
2004,1,2,60-64,2991
2004,1,2,65-69,4293
2004,1,2,70-74,5996
2004,1,2,75-79,7969
2004,1,2,80-84,8940
2004,1,2,85-89,5535
2004,1,2,90+,3859
2004,1,3,<1,287
2004,1,3,01-04,51
2004,1,3,05-09,22
2004,1,3,10-14,51
2004,1,3,15-19,142
2004,1,3,20-24,207
2004,1,3,25-29,225
2004,1,3,30-34,314
2004,1,3,35-39,440
2004,1,3,40-44,587
2004,1,3,45-49,788
2004,1,3,50-54,1250
2004,1,3,55-59,2134
2004,1,3,60-64,2893
2004,1,3,65-69,3923
2004,1,3,70-74,5714
2004,1,3,75-79,7979
2004,1,3,80-84,9175
2004,1,3,85-89,6030
2004,1,3,90+,4670
2004,1,4,<1,219
2004,1,4,01-04,40
2004,1,4,05-09,36
2004,1,4,10-14,29
2004,1,4,15-19,137
2004,1,4,20-24,165
2004,1,4,25-29,183
2004,1,4,30-34,242
2004,1,4,35-39,345
2004,1,4,40-44,477
2004,1,4,45-49,674
2004,1,4,50-54,1055
2004,1,4,55-59,1881
2004,1,4,60-64,2539
2004,1,4,65-69,3820
2004,1,4,70-74,5353
2004,1,4,75-79,7332
2004,1,4,80-84,9050
2004,1,4,85-89,6094
2004,1,4,90+,4796
2004,1,5,<1,165
2004,1,5,01-04,36
2004,1,5,05-09,28
2004,1,5,10-14,27
2004,1,5,15-19,113
2004,1,5,20-24,158
2004,1,5,25-29,124
2004,1,5,30-34,174
2004,1,5,35-39,277
2004,1,5,40-44,376
2004,1,5,45-49,574
2004,1,5,50-54,969
2004,1,5,55-59,1580
2004,1,5,60-64,2100
2004,1,5,65-69,3117
2004,1,5,70-74,4558
2004,1,5,75-79,6289
2004,1,5,80-84,7792
2004,1,5,85-89,5244
2004,1,5,90+,4109
2004,2,1,<1,505
2004,2,1,01-04,78
2004,2,1,05-09,39
2004,2,1,10-14,59
2004,2,1,15-19,101
2004,2,1,20-24,163
2004,2,1,25-29,166
2004,2,1,30-34,283
2004,2,1,35-39,464
2004,2,1,40-44,593
2004,2,1,45-49,855
2004,2,1,50-54,1182
2004,2,1,55-59,1748
2004,2,1,60-64,2279
2004,2,1,65-69,3590
2004,2,1,70-74,5242
2004,2,1,75-79,7779
2004,2,1,80-84,10363
2004,2,1,85-89,8559
2004,2,1,90+,9353
2004,2,2,<1,310
2004,2,2,01-04,42
2004,2,2,05-09,25
2004,2,2,10-14,31
2004,2,2,15-19,90
2004,2,2,20-24,103
2004,2,2,25-29,143
2004,2,2,30-34,194
2004,2,2,35-39,349
2004,2,2,40-44,484
2004,2,2,45-49,662
2004,2,2,50-54,967
2004,2,2,55-59,1540
2004,2,2,60-64,1886
2004,2,2,65-69,2869
2004,2,2,70-74,4579
2004,2,2,75-79,7180
2004,2,2,80-84,10544
2004,2,2,85-89,9228
2004,2,2,90+,11383
2004,2,3,<1,244
2004,2,3,01-04,30
2004,2,3,05-09,25
2004,2,3,10-14,28
2004,2,3,15-19,60
2004,2,3,20-24,79
2004,2,3,25-29,103
2004,2,3,30-34,159
2004,2,3,35-39,265
2004,2,3,40-44,382
2004,2,3,45-49,595
2004,2,3,50-54,886
2004,2,3,55-59,1494
2004,2,3,60-64,1881
2004,2,3,65-69,2647
2004,2,3,70-74,4094
2004,2,3,75-79,6618
2004,2,3,80-84,10680
2004,2,3,85-89,10074
2004,2,3,90+,13112
2004,2,4,<1,161
2004,2,4,01-04,46
2004,2,4,05-09,20
2004,2,4,10-14,26
2004,2,4,15-19,66
2004,2,4,20-24,60
2004,2,4,25-29,65
2004,2,4,30-34,147
2004,2,4,35-39,209
2004,2,4,40-44,354
2004,2,4,45-49,500
2004,2,4,50-54,799
2004,2,4,55-59,1295
2004,2,4,60-64,1645
2004,2,4,65-69,2427
2004,2,4,70-74,3817
2004,2,4,75-79,6340
2004,2,4,80-84,9833
2004,2,4,85-89,9370
2004,2,4,90+,12896
2004,2,5,<1,149
2004,2,5,01-04,36
2004,2,5,05-09,21
2004,2,5,10-14,23
2004,2,5,15-19,55
2004,2,5,20-24,63
2004,2,5,25-29,67
2004,2,5,30-34,98
2004,2,5,35-39,193
2004,2,5,40-44,300
2004,2,5,45-49,465
2004,2,5,50-54,676
2004,2,5,55-59,1223
2004,2,5,60-64,1458
2004,2,5,65-69,2066
2004,2,5,70-74,3188
2004,2,5,75-79,5110
2004,2,5,80-84,8196
2004,2,5,85-89,7934
2004,2,5,90+,10755
2005,1,1,<1,679
2005,1,1,01-04,91
2005,1,1,05-09,49
2005,1,1,10-14,85
2005,1,1,15-19,210
2005,1,1,20-24,372
2005,1,1,25-29,416
2005,1,1,30-34,614
2005,1,1,35-39,809
2005,1,1,40-44,1234
2005,1,1,45-49,1546
2005,1,1,50-54,2016
2005,1,1,55-59,2940
2005,1,1,60-64,3879
2005,1,1,65-69,5152
2005,1,1,70-74,6611
2005,1,1,75-79,7943
2005,1,1,80-84,8208
2005,1,1,85-89,5113
2005,1,1,90+,3196
2005,1,2,<1,381
2005,1,2,01-04,67
2005,1,2,05-09,29
2005,1,2,10-14,51
2005,1,2,15-19,157
2005,1,2,20-24,235
2005,1,2,25-29,266
2005,1,2,30-34,420
2005,1,2,35-39,627
2005,1,2,40-44,801
2005,1,2,45-49,1037
2005,1,2,50-54,1481
2005,1,2,55-59,2381
2005,1,2,60-64,3078
2005,1,2,65-69,4153
2005,1,2,70-74,5776
2005,1,2,75-79,7634
2005,1,2,80-84,8763
2005,1,2,85-89,5772
2005,1,2,90+,4072
2005,1,3,<1,311
2005,1,3,01-04,41
2005,1,3,05-09,30
2005,1,3,10-14,34
2005,1,3,15-19,137
2005,1,3,20-24,197
2005,1,3,25-29,214
2005,1,3,30-34,283
2005,1,3,35-39,440
2005,1,3,40-44,581
2005,1,3,45-49,858
2005,1,3,50-54,1267
2005,1,3,55-59,2099
2005,1,3,60-64,2850
2005,1,3,65-69,3882
2005,1,3,70-74,5725
2005,1,3,75-79,7685
2005,1,3,80-84,9110
2005,1,3,85-89,6721
2005,1,3,90+,4972
2005,1,4,<1,224
2005,1,4,01-04,35
2005,1,4,05-09,24
2005,1,4,10-14,37
2005,1,4,15-19,151
2005,1,4,20-24,154
2005,1,4,25-29,141
2005,1,4,30-34,225
2005,1,4,35-39,331
2005,1,4,40-44,497
2005,1,4,45-49,720
2005,1,4,50-54,1003
2005,1,4,55-59,1914
2005,1,4,60-64,2595
2005,1,4,65-69,3608
2005,1,4,70-74,5185
2005,1,4,75-79,7400
2005,1,4,80-84,8694
2005,1,4,85-89,6401
2005,1,4,90+,4924
2005,1,5,<1,179
2005,1,5,01-04,41
2005,1,5,05-09,26
2005,1,5,10-14,47
2005,1,5,15-19,125
2005,1,5,20-24,160
2005,1,5,25-29,153
2005,1,5,30-34,200
2005,1,5,35-39,266
2005,1,5,40-44,377
2005,1,5,45-49,557
2005,1,5,50-54,884
2005,1,5,55-59,1594
2005,1,5,60-64,2084
2005,1,5,65-69,2976
2005,1,5,70-74,4423
2005,1,5,75-79,6120
2005,1,5,80-84,7608
2005,1,5,85-89,5605
2005,1,5,90+,4487
2005,2,1,<1,498
2005,2,1,01-04,78
2005,2,1,05-09,41
2005,2,1,10-14,47
2005,2,1,15-19,98
2005,2,1,20-24,130
2005,2,1,25-29,167
2005,2,1,30-34,287
2005,2,1,35-39,418
2005,2,1,40-44,649
2005,2,1,45-49,832
2005,2,1,50-54,1221
2005,2,1,55-59,1793
2005,2,1,60-64,2190
2005,2,1,65-69,3381
2005,2,1,70-74,4838
2005,2,1,75-79,7545
2005,2,1,80-84,10142
2005,2,1,85-89,8783
2005,2,1,90+,9617
2005,2,2,<1,312
2005,2,2,01-04,34
2005,2,2,05-09,23
2005,2,2,10-14,42
2005,2,2,15-19,79
2005,2,2,20-24,102
2005,2,2,25-29,149
2005,2,2,30-34,210
2005,2,2,35-39,314
2005,2,2,40-44,456
2005,2,2,45-49,684
2005,2,2,50-54,985
2005,2,2,55-59,1508
2005,2,2,60-64,1936
2005,2,2,65-69,2916
2005,2,2,70-74,4358
2005,2,2,75-79,7074
2005,2,2,80-84,10158
2005,2,2,85-89,9573
2005,2,2,90+,11775
2005,2,3,<1,199
2005,2,3,01-04,46
2005,2,3,05-09,15
2005,2,3,10-14,32
2005,2,3,15-19,73
2005,2,3,20-24,86
2005,2,3,25-29,84
2005,2,3,30-34,136
2005,2,3,35-39,257
2005,2,3,40-44,407
2005,2,3,45-49,576
2005,2,3,50-54,853
2005,2,3,55-59,1469
2005,2,3,60-64,1773
2005,2,3,65-69,2691
2005,2,3,70-74,4014
2005,2,3,75-79,6664
2005,2,3,80-84,10400
2005,2,3,85-89,10352
2005,2,3,90+,13566
2005,2,4,<1,152
2005,2,4,01-04,29
2005,2,4,05-09,21
2005,2,4,10-14,27
2005,2,4,15-19,50
2005,2,4,20-24,72
2005,2,4,25-29,82
2005,2,4,30-34,107
2005,2,4,35-39,204
2005,2,4,40-44,360
2005,2,4,45-49,534
2005,2,4,50-54,800
2005,2,4,55-59,1378
2005,2,4,60-64,1806
2005,2,4,65-69,2469
2005,2,4,70-74,3658
2005,2,4,75-79,5981
2005,2,4,80-84,9439
2005,2,4,85-89,9732
2005,2,4,90+,13318
2005,2,5,<1,143
2005,2,5,01-04,21
2005,2,5,05-09,25
2005,2,5,10-14,23
2005,2,5,15-19,51
2005,2,5,20-24,58
2005,2,5,25-29,67
2005,2,5,30-34,100
2005,2,5,35-39,184
2005,2,5,40-44,321
2005,2,5,45-49,465
2005,2,5,50-54,681
2005,2,5,55-59,1190
2005,2,5,60-64,1468
2005,2,5,65-69,2035
2005,2,5,70-74,3080
2005,2,5,75-79,5114
2005,2,5,80-84,8039
2005,2,5,85-89,8212
2005,2,5,90+,11090
2006,1,1,<1,691
2006,1,1,01-04,99
2006,1,1,05-09,56
2006,1,1,10-14,68
2006,1,1,15-19,229
2006,1,1,20-24,379
2006,1,1,25-29,396
2006,1,1,30-34,597
2006,1,1,35-39,902
2006,1,1,40-44,1207
2006,1,1,45-49,1548
2006,1,1,50-54,2090
2006,1,1,55-59,3072
2006,1,1,60-64,3796
2006,1,1,65-69,4982
2006,1,1,70-74,6347
2006,1,1,75-79,7783
2006,1,1,80-84,8116
2006,1,1,85-89,5387
2006,1,1,90+,3233
2006,1,2,<1,387
2006,1,2,01-04,61
2006,1,2,05-09,31
2006,1,2,10-14,47
2006,1,2,15-19,167
2006,1,2,20-24,261
2006,1,2,25-29,294
2006,1,2,30-34,388
2006,1,2,35-39,586
2006,1,2,40-44,797
2006,1,2,45-49,1049
2006,1,2,50-54,1479
2006,1,2,55-59,2429
2006,1,2,60-64,3153
2006,1,2,65-69,4105
2006,1,2,70-74,5456
2006,1,2,75-79,7380
2006,1,2,80-84,8287
2006,1,2,85-89,6179
2006,1,2,90+,4058
2006,1,3,<1,265
2006,1,3,01-04,38
2006,1,3,05-09,26
2006,1,3,10-14,48
2006,1,3,15-19,126
2006,1,3,20-24,209
2006,1,3,25-29,230
2006,1,3,30-34,261
2006,1,3,35-39,435
2006,1,3,40-44,608
2006,1,3,45-49,861
2006,1,3,50-54,1253
2006,1,3,55-59,2105
2006,1,3,60-64,2833
2006,1,3,65-69,3836
2006,1,3,70-74,5220
2006,1,3,75-79,7350
2006,1,3,80-84,8817
2006,1,3,85-89,6788
2006,1,3,90+,4898
2006,1,4,<1,231
2006,1,4,01-04,37
2006,1,4,05-09,38
2006,1,4,10-14,38
2006,1,4,15-19,137
2006,1,4,20-24,150
2006,1,4,25-29,165
2006,1,4,30-34,219
2006,1,4,35-39,285
2006,1,4,40-44,440
2006,1,4,45-49,665
2006,1,4,50-54,1045
2006,1,4,55-59,1850
2006,1,4,60-64,2644
2006,1,4,65-69,3496
2006,1,4,70-74,5047
2006,1,4,75-79,7014
2006,1,4,80-84,8401
2006,1,4,85-89,6811
2006,1,4,90+,5059
2006,1,5,<1,188
2006,1,5,01-04,39
2006,1,5,05-09,22
2006,1,5,10-14,43
2006,1,5,15-19,112
2006,1,5,20-24,113
2006,1,5,25-29,152
2006,1,5,30-34,200
2006,1,5,35-39,246
2006,1,5,40-44,399
2006,1,5,45-49,553
2006,1,5,50-54,845
2006,1,5,55-59,1550
2006,1,5,60-64,2209
2006,1,5,65-69,2765
2006,1,5,70-74,4345
2006,1,5,75-79,6129
2006,1,5,80-84,7408
2006,1,5,85-89,5919
2006,1,5,90+,4526
2006,2,1,<1,549
2006,2,1,01-04,84
2006,2,1,05-09,35
2006,2,1,10-14,51
2006,2,1,15-19,86
2006,2,1,20-24,111
2006,2,1,25-29,187
2006,2,1,30-34,252
2006,2,1,35-39,388
2006,2,1,40-44,633
2006,2,1,45-49,924
2006,2,1,50-54,1184
2006,2,1,55-59,1770
2006,2,1,60-64,2222
2006,2,1,65-69,3221
2006,2,1,70-74,4711
2006,2,1,75-79,7160
2006,2,1,80-84,9297
2006,2,1,85-89,8865
2006,2,1,90+,9372
2006,2,2,<1,307
2006,2,2,01-04,63
2006,2,2,05-09,34
2006,2,2,10-14,34
2006,2,2,15-19,80
2006,2,2,20-24,98
2006,2,2,25-29,124
2006,2,2,30-34,178
2006,2,2,35-39,314
2006,2,2,40-44,478
2006,2,2,45-49,628
2006,2,2,50-54,944
2006,2,2,55-59,1544
2006,2,2,60-64,2022
2006,2,2,65-69,2706
2006,2,2,70-74,4048
2006,2,2,75-79,6642
2006,2,2,80-84,9542
2006,2,2,85-89,9817
2006,2,2,90+,11294
2006,2,3,<1,216
2006,2,3,01-04,33
2006,2,3,05-09,16
2006,2,3,10-14,27
2006,2,3,15-19,75
2006,2,3,20-24,75
2006,2,3,25-29,89
2006,2,3,30-34,136
2006,2,3,35-39,273
2006,2,3,40-44,411
2006,2,3,45-49,564
2006,2,3,50-54,827
2006,2,3,55-59,1383
2006,2,3,60-64,1850
2006,2,3,65-69,2543
2006,2,3,70-74,3903
2006,2,3,75-79,6489
2006,2,3,80-84,9704
2006,2,3,85-89,10354
2006,2,3,90+,13322
2006,2,4,<1,212
2006,2,4,01-04,30
2006,2,4,05-09,24
2006,2,4,10-14,20
2006,2,4,15-19,66
2006,2,4,20-24,71
2006,2,4,25-29,82
2006,2,4,30-34,117
2006,2,4,35-39,232
2006,2,4,40-44,334
2006,2,4,45-49,538
2006,2,4,50-54,725
2006,2,4,55-59,1329
2006,2,4,60-64,1779
2006,2,4,65-69,2404
2006,2,4,70-74,3599
2006,2,4,75-79,5833
2006,2,4,80-84,9055
2006,2,4,85-89,9954
2006,2,4,90+,12847
2006,2,5,<1,146
2006,2,5,01-04,40
2006,2,5,05-09,14
2006,2,5,10-14,19
2006,2,5,15-19,52
2006,2,5,20-24,58
2006,2,5,25-29,65
2006,2,5,30-34,71
2006,2,5,35-39,173
2006,2,5,40-44,325
2006,2,5,45-49,469
2006,2,5,50-54,746
2006,2,5,55-59,1202
2006,2,5,60-64,1538
2006,2,5,65-69,1958
2006,2,5,70-74,3070
2006,2,5,75-79,4852
2006,2,5,80-84,7417
2006,2,5,85-89,8353
2006,2,5,90+,10904
2007,1,1,<1,663
2007,1,1,01-04,105
2007,1,1,05-09,65
2007,1,1,10-14,66
2007,1,1,15-19,190
2007,1,1,20-24,352
2007,1,1,25-29,433
2007,1,1,30-34,613
2007,1,1,35-39,877
2007,1,1,40-44,1212
2007,1,1,45-49,1482
2007,1,1,50-54,2034
2007,1,1,55-59,2971
2007,1,1,60-64,3943
2007,1,1,65-69,4861
2007,1,1,70-74,6024
2007,1,1,75-79,7377
2007,1,1,80-84,7935
2007,1,1,85-89,5864
2007,1,1,90+,3240
2007,1,2,<1,424
2007,1,2,01-04,87
2007,1,2,05-09,34
2007,1,2,10-14,43
2007,1,2,15-19,154
2007,1,2,20-24,257
2007,1,2,25-29,310
2007,1,2,30-34,368
2007,1,2,35-39,560
2007,1,2,40-44,784
2007,1,2,45-49,1118
2007,1,2,50-54,1470
2007,1,2,55-59,2211
2007,1,2,60-64,3179
2007,1,2,65-69,3976
2007,1,2,70-74,5312
2007,1,2,75-79,7174
2007,1,2,80-84,8087
2007,1,2,85-89,6442
2007,1,2,90+,4080
2007,1,3,<1,282
2007,1,3,01-04,58
2007,1,3,05-09,24
2007,1,3,10-14,36
2007,1,3,15-19,159
2007,1,3,20-24,221
2007,1,3,25-29,229
2007,1,3,30-34,294
2007,1,3,35-39,392
2007,1,3,40-44,586
2007,1,3,45-49,762
2007,1,3,50-54,1162
2007,1,3,55-59,1995
2007,1,3,60-64,3041
2007,1,3,65-69,3817
2007,1,3,70-74,5078
2007,1,3,75-79,7292
2007,1,3,80-84,8599
2007,1,3,85-89,7320
2007,1,3,90+,5147
2007,1,4,<1,212
2007,1,4,01-04,31
2007,1,4,05-09,25
2007,1,4,10-14,31
2007,1,4,15-19,122
2007,1,4,20-24,168
2007,1,4,25-29,167
2007,1,4,30-34,213
2007,1,4,35-39,325
2007,1,4,40-44,437
2007,1,4,45-49,678
2007,1,4,50-54,983
2007,1,4,55-59,1798
2007,1,4,60-64,2683
2007,1,4,65-69,3450
2007,1,4,70-74,4885
2007,1,4,75-79,7034
2007,1,4,80-84,8386
2007,1,4,85-89,7095
2007,1,4,90+,5063
2007,1,5,<1,170
2007,1,5,01-04,40
2007,1,5,05-09,21
2007,1,5,10-14,29
2007,1,5,15-19,106
2007,1,5,20-24,136
2007,1,5,25-29,114
2007,1,5,30-34,152
2007,1,5,35-39,227
2007,1,5,40-44,404
2007,1,5,45-49,530
2007,1,5,50-54,833
2007,1,5,55-59,1503
2007,1,5,60-64,2228
2007,1,5,65-69,2849
2007,1,5,70-74,4216
2007,1,5,75-79,6005
2007,1,5,80-84,7292
2007,1,5,85-89,6431
2007,1,5,90+,4613
2007,2,1,<1,493
2007,2,1,01-04,81
2007,2,1,05-09,33
2007,2,1,10-14,51
2007,2,1,15-19,81
2007,2,1,20-24,141
2007,2,1,25-29,170
2007,2,1,30-34,246
2007,2,1,35-39,438
2007,2,1,40-44,630
2007,2,1,45-49,877
2007,2,1,50-54,1171
2007,2,1,55-59,1715
2007,2,1,60-64,2394
2007,2,1,65-69,3115
2007,2,1,70-74,4650
2007,2,1,75-79,6865
2007,2,1,80-84,9128
2007,2,1,85-89,9366
2007,2,1,90+,9265
2007,2,2,<1,311
2007,2,2,01-04,39
2007,2,2,05-09,27
2007,2,2,10-14,31
2007,2,2,15-19,54
2007,2,2,20-24,88
2007,2,2,25-29,127
2007,2,2,30-34,166
2007,2,2,35-39,292
2007,2,2,40-44,518
2007,2,2,45-49,694
2007,2,2,50-54,944
2007,2,2,55-59,1335
2007,2,2,60-64,2035
2007,2,2,65-69,2654
2007,2,2,70-74,3956
2007,2,2,75-79,6294
2007,2,2,80-84,9255
2007,2,2,85-89,10150
2007,2,2,90+,11530
2007,2,3,<1,239
2007,2,3,01-04,35
2007,2,3,05-09,25
2007,2,3,10-14,27
2007,2,3,15-19,53
2007,2,3,20-24,75
2007,2,3,25-29,90
2007,2,3,30-34,130
2007,2,3,35-39,220
2007,2,3,40-44,435
2007,2,3,45-49,586
2007,2,3,50-54,820
2007,2,3,55-59,1363
2007,2,3,60-64,2060
2007,2,3,65-69,2585
2007,2,3,70-74,3803
2007,2,3,75-79,6180
2007,2,3,80-84,9437
2007,2,3,85-89,11063
2007,2,3,90+,13619
2007,2,4,<1,179
2007,2,4,01-04,33
2007,2,4,05-09,10
2007,2,4,10-14,33
2007,2,4,15-19,71
2007,2,4,20-24,66
2007,2,4,25-29,60
2007,2,4,30-34,120
2007,2,4,35-39,189
2007,2,4,40-44,351
2007,2,4,45-49,525
2007,2,4,50-54,757
2007,2,4,55-59,1346
2007,2,4,60-64,1932
2007,2,4,65-69,2288
2007,2,4,70-74,3555
2007,2,4,75-79,5802
2007,2,4,80-84,8896
2007,2,4,85-89,10533
2007,2,4,90+,13085
2007,2,5,<1,154
2007,2,5,01-04,29
2007,2,5,05-09,18
2007,2,5,10-14,31
2007,2,5,15-19,65
2007,2,5,20-24,57
2007,2,5,25-29,56
2007,2,5,30-34,93
2007,2,5,35-39,181
2007,2,5,40-44,285
2007,2,5,45-49,455
2007,2,5,50-54,699
2007,2,5,55-59,1072
2007,2,5,60-64,1631
2007,2,5,65-69,1916
2007,2,5,70-74,2939
2007,2,5,75-79,4930
2007,2,5,80-84,7480
2007,2,5,85-89,8793
2007,2,5,90+,11195
2008,1,1,<1,706
2008,1,1,01-04,92
2008,1,1,05-09,53
2008,1,1,10-14,60
2008,1,1,15-19,213
2008,1,1,20-24,358
2008,1,1,25-29,440
2008,1,1,30-34,583
2008,1,1,35-39,896
2008,1,1,40-44,1200
2008,1,1,45-49,1623
2008,1,1,50-54,2079
2008,1,1,55-59,2847
2008,1,1,60-64,4019
2008,1,1,65-69,4759
2008,1,1,70-74,6197
2008,1,1,75-79,7315
2008,1,1,80-84,7604
2008,1,1,85-89,6169
2008,1,1,90+,3185
2008,1,2,<1,419
2008,1,2,01-04,62
2008,1,2,05-09,41
2008,1,2,10-14,33
2008,1,2,15-19,147
2008,1,2,20-24,250
2008,1,2,25-29,332
2008,1,2,30-34,372
2008,1,2,35-39,582
2008,1,2,40-44,860
2008,1,2,45-49,1094
2008,1,2,50-54,1427
2008,1,2,55-59,2191
2008,1,2,60-64,3230
2008,1,2,65-69,3963
2008,1,2,70-74,5201
2008,1,2,75-79,7073
2008,1,2,80-84,8065
2008,1,2,85-89,6969
2008,1,2,90+,4307
2008,1,3,<1,264
2008,1,3,01-04,44
2008,1,3,05-09,15
2008,1,3,10-14,27
2008,1,3,15-19,132
2008,1,3,20-24,220
2008,1,3,25-29,223
2008,1,3,30-34,267
2008,1,3,35-39,394
2008,1,3,40-44,621
2008,1,3,45-49,840
2008,1,3,50-54,1148
2008,1,3,55-59,1836
2008,1,3,60-64,3078
2008,1,3,65-69,3713
2008,1,3,70-74,5284
2008,1,3,75-79,7088
2008,1,3,80-84,8378
2008,1,3,85-89,7761
2008,1,3,90+,5052
2008,1,4,<1,221
2008,1,4,01-04,36
2008,1,4,05-09,22
2008,1,4,10-14,39
2008,1,4,15-19,129
2008,1,4,20-24,179
2008,1,4,25-29,161
2008,1,4,30-34,208
2008,1,4,35-39,332
2008,1,4,40-44,464
2008,1,4,45-49,714
2008,1,4,50-54,1006
2008,1,4,55-59,1635
2008,1,4,60-64,2778
2008,1,4,65-69,3418
2008,1,4,70-74,4841
2008,1,4,75-79,6934
2008,1,4,80-84,8463
2008,1,4,85-89,7845
2008,1,4,90+,5148
2008,1,5,<1,200
2008,1,5,01-04,30
2008,1,5,05-09,32
2008,1,5,10-14,20
2008,1,5,15-19,108
2008,1,5,20-24,147
2008,1,5,25-29,122
2008,1,5,30-34,153
2008,1,5,35-39,282
2008,1,5,40-44,371
2008,1,5,45-49,590
2008,1,5,50-54,870
2008,1,5,55-59,1336
2008,1,5,60-64,2303
2008,1,5,65-69,2833
2008,1,5,70-74,4241
2008,1,5,75-79,6125
2008,1,5,80-84,7417
2008,1,5,85-89,6936
2008,1,5,90+,4730
2008,2,1,<1,532
2008,2,1,01-04,80
2008,2,1,05-09,45
2008,2,1,10-14,30
2008,2,1,15-19,87
2008,2,1,20-24,144
2008,2,1,25-29,189
2008,2,1,30-34,255
2008,2,1,35-39,431
2008,2,1,40-44,699
2008,2,1,45-49,891
2008,2,1,50-54,1236
2008,2,1,55-59,1699
2008,2,1,60-64,2464
2008,2,1,65-69,3158
2008,2,1,70-74,4573
2008,2,1,75-79,6752
2008,2,1,80-84,8846
2008,2,1,85-89,9956
2008,2,1,90+,9298
2008,2,2,<1,329
2008,2,2,01-04,56
2008,2,2,05-09,30
2008,2,2,10-14,26
2008,2,2,15-19,72
2008,2,2,20-24,92
2008,2,2,25-29,133
2008,2,2,30-34,182
2008,2,2,35-39,301
2008,2,2,40-44,523
2008,2,2,45-49,730
2008,2,2,50-54,966
2008,2,2,55-59,1418
2008,2,2,60-64,2120
2008,2,2,65-69,2585
2008,2,2,70-74,3995
2008,2,2,75-79,6256
2008,2,2,80-84,8980
2008,2,2,85-89,10965
2008,2,2,90+,11484
2008,2,3,<1,212
2008,2,3,01-04,50
2008,2,3,05-09,25
2008,2,3,10-14,27
2008,2,3,15-19,57
2008,2,3,20-24,75
2008,2,3,25-29,89
2008,2,3,30-34,147
2008,2,3,35-39,217
2008,2,3,40-44,387
2008,2,3,45-49,604
2008,2,3,50-54,888
2008,2,3,55-59,1217
2008,2,3,60-64,2046
2008,2,3,65-69,2463
2008,2,3,70-74,3857
2008,2,3,75-79,6122
2008,2,3,80-84,9262
2008,2,3,85-89,11576
2008,2,3,90+,13464
2008,2,4,<1,155
2008,2,4,01-04,33
2008,2,4,05-09,10
2008,2,4,10-14,18
2008,2,4,15-19,57
2008,2,4,20-24,69
2008,2,4,25-29,63
2008,2,4,30-34,124
2008,2,4,35-39,187
2008,2,4,40-44,339
2008,2,4,45-49,525
2008,2,4,50-54,768
2008,2,4,55-59,1159
2008,2,4,60-64,1936
2008,2,4,65-69,2408
2008,2,4,70-74,3555
2008,2,4,75-79,5615
2008,2,4,80-84,8703
2008,2,4,85-89,11233
2008,2,4,90+,13458
2008,2,5,<1,146
2008,2,5,01-04,32
2008,2,5,05-09,18
2008,2,5,10-14,23
2008,2,5,15-19,50
2008,2,5,20-24,47
2008,2,5,25-29,68
2008,2,5,30-34,99
2008,2,5,35-39,186
2008,2,5,40-44,306
2008,2,5,45-49,430
2008,2,5,50-54,670
2008,2,5,55-59,1076
2008,2,5,60-64,1725
2008,2,5,65-69,1974
2008,2,5,70-74,2950
2008,2,5,75-79,4844
2008,2,5,80-84,7472
2008,2,5,85-89,9570
2008,2,5,90+,11447
2009,1,1,<1,604
2009,1,1,01-04,79
2009,1,1,05-09,51
2009,1,1,10-14,41
2009,1,1,15-19,180
2009,1,1,20-24,343
2009,1,1,25-29,456
2009,1,1,30-34,551
2009,1,1,35-39,860
2009,1,1,40-44,1283
2009,1,1,45-49,1509
2009,1,1,50-54,2006
2009,1,1,55-59,2789
2009,1,1,60-64,3918
2009,1,1,65-69,4542
2009,1,1,70-74,5985
2009,1,1,75-79,7018
2009,1,1,80-84,7266
2009,1,1,85-89,6114
2009,1,1,90+,3004
2009,1,2,<1,426
2009,1,2,01-04,44
2009,1,2,05-09,33
2009,1,2,10-14,43
2009,1,2,15-19,161
2009,1,2,20-24,237
2009,1,2,25-29,313
2009,1,2,30-34,326
2009,1,2,35-39,586
2009,1,2,40-44,823
2009,1,2,45-49,1110
2009,1,2,50-54,1461
2009,1,2,55-59,2091
2009,1,2,60-64,3115
2009,1,2,65-69,3884
2009,1,2,70-74,5168
2009,1,2,75-79,6629
2009,1,2,80-84,7805
2009,1,2,85-89,7129
2009,1,2,90+,4119
2009,1,3,<1,290
2009,1,3,01-04,41
2009,1,3,05-09,19
2009,1,3,10-14,45
2009,1,3,15-19,129
2009,1,3,20-24,172
2009,1,3,25-29,193
2009,1,3,30-34,239
2009,1,3,35-39,395
2009,1,3,40-44,620
2009,1,3,45-49,893
2009,1,3,50-54,1151
2009,1,3,55-59,1856
2009,1,3,60-64,2992
2009,1,3,65-69,3673
2009,1,3,70-74,4987
2009,1,3,75-79,6855
2009,1,3,80-84,8301
2009,1,3,85-89,7944
2009,1,3,90+,5107
2009,1,4,<1,223
2009,1,4,01-04,30
2009,1,4,05-09,21
2009,1,4,10-14,19
2009,1,4,15-19,123
2009,1,4,20-24,153
2009,1,4,25-29,182
2009,1,4,30-34,207
2009,1,4,35-39,350
2009,1,4,40-44,499
2009,1,4,45-49,692
2009,1,4,50-54,958
2009,1,4,55-59,1633
2009,1,4,60-64,2784
2009,1,4,65-69,3350
2009,1,4,70-74,4847
2009,1,4,75-79,6623
2009,1,4,80-84,8337
2009,1,4,85-89,7909
2009,1,4,90+,4984
2009,1,5,<1,198
2009,1,5,01-04,32
2009,1,5,05-09,17
2009,1,5,10-14,33
2009,1,5,15-19,118
2009,1,5,20-24,136
2009,1,5,25-29,123
2009,1,5,30-34,162
2009,1,5,35-39,231
2009,1,5,40-44,396
2009,1,5,45-49,573
2009,1,5,50-54,824
2009,1,5,55-59,1323
2009,1,5,60-64,2251
2009,1,5,65-69,2854
2009,1,5,70-74,4125
2009,1,5,75-79,5834
2009,1,5,80-84,7398
2009,1,5,85-89,7200
2009,1,5,90+,4623
2009,2,1,<1,488
2009,2,1,01-04,70
2009,2,1,05-09,34
2009,2,1,10-14,42
2009,2,1,15-19,87
2009,2,1,20-24,126
2009,2,1,25-29,205
2009,2,1,30-34,246
2009,2,1,35-39,405
2009,2,1,40-44,658
2009,2,1,45-49,906
2009,2,1,50-54,1151
2009,2,1,55-59,1634
2009,2,1,60-64,2346
2009,2,1,65-69,2933
2009,2,1,70-74,4184
2009,2,1,75-79,6067
2009,2,1,80-84,8218
2009,2,1,85-89,9348
2009,2,1,90+,8501
2009,2,2,<1,328
2009,2,2,01-04,49
2009,2,2,05-09,34
2009,2,2,10-14,29
2009,2,2,15-19,76
2009,2,2,20-24,96
2009,2,2,25-29,125
2009,2,2,30-34,187
2009,2,2,35-39,297
2009,2,2,40-44,452
2009,2,2,45-49,682
2009,2,2,50-54,982
2009,2,2,55-59,1325
2009,2,2,60-64,2094
2009,2,2,65-69,2602
2009,2,2,70-74,4017
2009,2,2,75-79,5946
2009,2,2,80-84,8387
2009,2,2,85-89,10611
2009,2,2,90+,10742
2009,2,3,<1,237
2009,2,3,01-04,36
2009,2,3,05-09,23
2009,2,3,10-14,31
2009,2,3,15-19,49
2009,2,3,20-24,68
2009,2,3,25-29,107
2009,2,3,30-34,141
2009,2,3,35-39,218
2009,2,3,40-44,401
2009,2,3,45-49,575
2009,2,3,50-54,770
2009,2,3,55-59,1237
2009,2,3,60-64,1946
2009,2,3,65-69,2491
2009,2,3,70-74,3710
2009,2,3,75-79,5697
2009,2,3,80-84,8680
2009,2,3,85-89,11521
2009,2,3,90+,12486
2009,2,4,<1,155
2009,2,4,01-04,41
2009,2,4,05-09,18
2009,2,4,10-14,33
2009,2,4,15-19,60
2009,2,4,20-24,52
2009,2,4,25-29,72
2009,2,4,30-34,81
2009,2,4,35-39,177
2009,2,4,40-44,345
2009,2,4,45-49,490
2009,2,4,50-54,731
2009,2,4,55-59,1221
2009,2,4,60-64,1997
2009,2,4,65-69,2296
2009,2,4,70-74,3412
2009,2,4,75-79,5414
2009,2,4,80-84,8116
2009,2,4,85-89,11321
2009,2,4,90+,12357
2009,2,5,<1,161
2009,2,5,01-04,28
2009,2,5,05-09,17
2009,2,5,10-14,14
2009,2,5,15-19,38
2009,2,5,20-24,54
2009,2,5,25-29,60
2009,2,5,30-34,88
2009,2,5,35-39,157
2009,2,5,40-44,301
2009,2,5,45-49,508
2009,2,5,50-54,687
2009,2,5,55-59,981
2009,2,5,60-64,1675
2009,2,5,65-69,1942
2009,2,5,70-74,2851
2009,2,5,75-79,4464
2009,2,5,80-84,7120
2009,2,5,85-89,9506
2009,2,5,90+,10687
2010,1,1,<1,571
2010,1,1,01-04,88
2010,1,1,05-09,47
2010,1,1,10-14,45
2010,1,1,15-19,144
2010,1,1,20-24,286
2010,1,1,25-29,389
2010,1,1,30-34,514
2010,1,1,35-39,758
2010,1,1,40-44,1141
2010,1,1,45-49,1547
2010,1,1,50-54,1916
2010,1,1,55-59,2676
2010,1,1,60-64,3939
2010,1,1,65-69,4518
2010,1,1,70-74,5748
2010,1,1,75-79,6740
2010,1,1,80-84,7198
2010,1,1,85-89,5855
2010,1,1,90+,3342
2010,1,2,<1,412
2010,1,2,01-04,61
2010,1,2,05-09,28
2010,1,2,10-14,19
2010,1,2,15-19,120
2010,1,2,20-24,254
2010,1,2,25-29,281
2010,1,2,30-34,351
2010,1,2,35-39,535
2010,1,2,40-44,778
2010,1,2,45-49,1128
2010,1,2,50-54,1469
2010,1,2,55-59,2106
2010,1,2,60-64,3272
2010,1,2,65-69,3828
2010,1,2,70-74,5226
2010,1,2,75-79,6560
2010,1,2,80-84,7510
2010,1,2,85-89,7002
2010,1,2,90+,4253
2010,1,3,<1,268
2010,1,3,01-04,44
2010,1,3,05-09,30
2010,1,3,10-14,37
2010,1,3,15-19,120
2010,1,3,20-24,195
2010,1,3,25-29,209
2010,1,3,30-34,240
2010,1,3,35-39,377
2010,1,3,40-44,597
2010,1,3,45-49,878
2010,1,3,50-54,1204
2010,1,3,55-59,1798
2010,1,3,60-64,2997
2010,1,3,65-69,3703
2010,1,3,70-74,5080
2010,1,3,75-79,6754
2010,1,3,80-84,8137
2010,1,3,85-89,7999
2010,1,3,90+,5482
2010,1,4,<1,213
2010,1,4,01-04,44
2010,1,4,05-09,19
2010,1,4,10-14,38
2010,1,4,15-19,86
2010,1,4,20-24,139
2010,1,4,25-29,140
2010,1,4,30-34,213
2010,1,4,35-39,257
2010,1,4,40-44,502
2010,1,4,45-49,676
2010,1,4,50-54,1011
2010,1,4,55-59,1474
2010,1,4,60-64,2713
2010,1,4,65-69,3534
2010,1,4,70-74,4818
2010,1,4,75-79,6542
2010,1,4,80-84,8268
2010,1,4,85-89,7976
2010,1,4,90+,5528
2010,1,5,<1,160
2010,1,5,01-04,28
2010,1,5,05-09,15
2010,1,5,10-14,24
2010,1,5,15-19,80
2010,1,5,20-24,129
2010,1,5,25-29,117
2010,1,5,30-34,140
2010,1,5,35-39,243
2010,1,5,40-44,414
2010,1,5,45-49,545
2010,1,5,50-54,848
2010,1,5,55-59,1286
2010,1,5,60-64,2331
2010,1,5,65-69,2990
2010,1,5,70-74,4143
2010,1,5,75-79,5927
2010,1,5,80-84,7550
2010,1,5,85-89,7357
2010,1,5,90+,5043
2010,2,1,<1,492
2010,2,1,01-04,74
2010,2,1,05-09,38
2010,2,1,10-14,42
2010,2,1,15-19,79
2010,2,1,20-24,121
2010,2,1,25-29,164
2010,2,1,30-34,258
2010,2,1,35-39,373
2010,2,1,40-44,639
2010,2,1,45-49,909
2010,2,1,50-54,1232
2010,2,1,55-59,1634
2010,2,1,60-64,2386
2010,2,1,65-69,2768
2010,2,1,70-74,4251
2010,2,1,75-79,5940
2010,2,1,80-84,7871
2010,2,1,85-89,9021
2010,2,1,90+,8962
2010,2,2,<1,315
2010,2,2,01-04,48
2010,2,2,05-09,31
2010,2,2,10-14,29
2010,2,2,15-19,70
2010,2,2,20-24,75
2010,2,2,25-29,124
2010,2,2,30-34,148
2010,2,2,35-39,299
2010,2,2,40-44,468
2010,2,2,45-49,684
2010,2,2,50-54,989
2010,2,2,55-59,1329
2010,2,2,60-64,2098
2010,2,2,65-69,2560
2010,2,2,70-74,3842
2010,2,2,75-79,5585
2010,2,2,80-84,8342
2010,2,2,85-89,10371
2010,2,2,90+,11360
2010,2,3,<1,223
2010,2,3,01-04,41
2010,2,3,05-09,20
2010,2,3,10-14,26
2010,2,3,15-19,60
2010,2,3,20-24,76
2010,2,3,25-29,97
2010,2,3,30-34,132
2010,2,3,35-39,231
2010,2,3,40-44,410
2010,2,3,45-49,582
2010,2,3,50-54,849
2010,2,3,55-59,1194
2010,2,3,60-64,2108
2010,2,3,65-69,2566
2010,2,3,70-74,3574
2010,2,3,75-79,5656
2010,2,3,80-84,8633
2010,2,3,85-89,11386
2010,2,3,90+,13528
2010,2,4,<1,176
2010,2,4,01-04,22
2010,2,4,05-09,21
2010,2,4,10-14,15
2010,2,4,15-19,57
2010,2,4,20-24,55
2010,2,4,25-29,76
2010,2,4,30-34,107
2010,2,4,35-39,207
2010,2,4,40-44,326
2010,2,4,45-49,479
2010,2,4,50-54,753
2010,2,4,55-59,1144
2010,2,4,60-64,1877
2010,2,4,65-69,2431
2010,2,4,70-74,3435
2010,2,4,75-79,5381
2010,2,4,80-84,8243
2010,2,4,85-89,11028
2010,2,4,90+,13415
2010,2,5,<1,136
2010,2,5,01-04,30
2010,2,5,05-09,18
2010,2,5,10-14,27
2010,2,5,15-19,49
2010,2,5,20-24,40
2010,2,5,25-29,60
2010,2,5,30-34,72
2010,2,5,35-39,182
2010,2,5,40-44,289
2010,2,5,45-49,462
2010,2,5,50-54,656
2010,2,5,55-59,993
2010,2,5,60-64,1574
2010,2,5,65-69,2071
2010,2,5,70-74,2884
2010,2,5,75-79,4490
2010,2,5,80-84,7123
2010,2,5,85-89,9510
2010,2,5,90+,11324
2011,1,1,<1,639
2011,1,1,01-04,96
2011,1,1,05-09,55
2011,1,1,10-14,45
2011,1,1,15-19,133
2011,1,1,20-24,296
2011,1,1,25-29,377
2011,1,1,30-34,489
2011,1,1,35-39,688
2011,1,1,40-44,1168
2011,1,1,45-49,1518
2011,1,1,50-54,1970
2011,1,1,55-59,2601
2011,1,1,60-64,3804
2011,1,1,65-69,4546
2011,1,1,70-74,5788
2011,1,1,75-79,6584
2011,1,1,80-84,6931
2011,1,1,85-89,6016
2011,1,1,90+,3717
2011,1,2,<1,434
2011,1,2,01-04,44
2011,1,2,05-09,29
2011,1,2,10-14,24
2011,1,2,15-19,102
2011,1,2,20-24,220
2011,1,2,25-29,250
2011,1,2,30-34,331
2011,1,2,35-39,484
2011,1,2,40-44,756
2011,1,2,45-49,1114
2011,1,2,50-54,1489
2011,1,2,55-59,2050
2011,1,2,60-64,3195
2011,1,2,65-69,3766
2011,1,2,70-74,5040
2011,1,2,75-79,6260
2011,1,2,80-84,7672
2011,1,2,85-89,6751
2011,1,2,90+,4522
2011,1,3,<1,300
2011,1,3,01-04,56
2011,1,3,05-09,28
2011,1,3,10-14,27
2011,1,3,15-19,86
2011,1,3,20-24,142
2011,1,3,25-29,185
2011,1,3,30-34,232
2011,1,3,35-39,351
2011,1,3,40-44,566
2011,1,3,45-49,768
2011,1,3,50-54,1151
2011,1,3,55-59,1739
2011,1,3,60-64,2872
2011,1,3,65-69,3706
2011,1,3,70-74,4909
2011,1,3,75-79,6479
2011,1,3,80-84,8137
2011,1,3,85-89,7669
2011,1,3,90+,5771
2011,1,4,<1,206
2011,1,4,01-04,32
2011,1,4,05-09,18
2011,1,4,10-14,30
2011,1,4,15-19,91
2011,1,4,20-24,123
2011,1,4,25-29,147
2011,1,4,30-34,176
2011,1,4,35-39,284
2011,1,4,40-44,460
2011,1,4,45-49,703
2011,1,4,50-54,1011
2011,1,4,55-59,1444
2011,1,4,60-64,2607
2011,1,4,65-69,3506
2011,1,4,70-74,4668
2011,1,4,75-79,6294
2011,1,4,80-84,7870
2011,1,4,85-89,7613
2011,1,4,90+,5783
2011,1,5,<1,165
2011,1,5,01-04,29
2011,1,5,05-09,18
2011,1,5,10-14,23
2011,1,5,15-19,89
2011,1,5,20-24,102
2011,1,5,25-29,114
2011,1,5,30-34,130
2011,1,5,35-39,220
2011,1,5,40-44,325
2011,1,5,45-49,554
2011,1,5,50-54,805
2011,1,5,55-59,1243
2011,1,5,60-64,2185
2011,1,5,65-69,2956
2011,1,5,70-74,3993
2011,1,5,75-79,5615
2011,1,5,80-84,7446
2011,1,5,85-89,7192
2011,1,5,90+,5630
2011,2,1,<1,428
2011,2,1,01-04,74
2011,2,1,05-09,32
2011,2,1,10-14,20
2011,2,1,15-19,64
2011,2,1,20-24,128
2011,2,1,25-29,194
2011,2,1,30-34,285
2011,2,1,35-39,358
2011,2,1,40-44,625
2011,2,1,45-49,930
2011,2,1,50-54,1223
2011,2,1,55-59,1532
2011,2,1,60-64,2407
2011,2,1,65-69,2861
2011,2,1,70-74,4183
2011,2,1,75-79,5812
2011,2,1,80-84,7964
2011,2,1,85-89,9032
2011,2,1,90+,9717
2011,2,2,<1,321
2011,2,2,01-04,44
2011,2,2,05-09,12
2011,2,2,10-14,25
2011,2,2,15-19,58
2011,2,2,20-24,101
2011,2,2,25-29,113
2011,2,2,30-34,180
2011,2,2,35-39,255
2011,2,2,40-44,482
2011,2,2,45-49,694
2011,2,2,50-54,987
2011,2,2,55-59,1314
2011,2,2,60-64,2108
2011,2,2,65-69,2714
2011,2,2,70-74,3644
2011,2,2,75-79,5382
2011,2,2,80-84,7850
2011,2,2,85-89,9570
2011,2,2,90+,11382
2011,2,3,<1,217
2011,2,3,01-04,37
2011,2,3,05-09,19
2011,2,3,10-14,31
2011,2,3,15-19,45
2011,2,3,20-24,70
2011,2,3,25-29,81
2011,2,3,30-34,128
2011,2,3,35-39,218
2011,2,3,40-44,372
2011,2,3,45-49,577
2011,2,3,50-54,802
2011,2,3,55-59,1235
2011,2,3,60-64,1977
2011,2,3,65-69,2599
2011,2,3,70-74,3566
2011,2,3,75-79,5318
2011,2,3,80-84,8216
2011,2,3,85-89,10433
2011,2,3,90+,13525
2011,2,4,<1,142
2011,2,4,01-04,37
2011,2,4,05-09,16
2011,2,4,10-14,17
2011,2,4,15-19,43
2011,2,4,20-24,58
2011,2,4,25-29,81
2011,2,4,30-34,97
2011,2,4,35-39,177
2011,2,4,40-44,315
2011,2,4,45-49,488
2011,2,4,50-54,713
2011,2,4,55-59,1059
2011,2,4,60-64,1907
2011,2,4,65-69,2456
2011,2,4,70-74,3271
2011,2,4,75-79,4975
2011,2,4,80-84,7925
2011,2,4,85-89,10207
2011,2,4,90+,13480
2011,2,5,<1,134
2011,2,5,01-04,23
2011,2,5,05-09,12
2011,2,5,10-14,18
2011,2,5,15-19,32
2011,2,5,20-24,40
2011,2,5,25-29,64
2011,2,5,30-34,81
2011,2,5,35-39,125
2011,2,5,40-44,253
2011,2,5,45-49,442
2011,2,5,50-54,664
2011,2,5,55-59,899
2011,2,5,60-64,1588
2011,2,5,65-69,2147
2011,2,5,70-74,2781
2011,2,5,75-79,4434
2011,2,5,80-84,6932
2011,2,5,85-89,9217
2011,2,5,90+,11873
2012,1,1,<1,619
2012,1,1,01-04,81
2012,1,1,05-09,38
2012,1,1,10-14,44
2012,1,1,15-19,148
2012,1,1,20-24,265
2012,1,1,25-29,341
2012,1,1,30-34,467
2012,1,1,35-39,647
2012,1,1,40-44,1122
2012,1,1,45-49,1523
2012,1,1,50-54,1945
2012,1,1,55-59,2516
2012,1,1,60-64,3747
2012,1,1,65-69,4708
2012,1,1,70-74,5478
2012,1,1,75-79,6648
2012,1,1,80-84,7252
2012,1,1,85-89,6188
2012,1,1,90+,4225
2012,1,2,<1,374
2012,1,2,01-04,48
2012,1,2,05-09,34
2012,1,2,10-14,33
2012,1,2,15-19,103
2012,1,2,20-24,180
2012,1,2,25-29,255
2012,1,2,30-34,323
2012,1,2,35-39,416
2012,1,2,40-44,731
2012,1,2,45-49,1091
2012,1,2,50-54,1396
2012,1,2,55-59,1971
2012,1,2,60-64,2946
2012,1,2,65-69,4103
2012,1,2,70-74,5095
2012,1,2,75-79,6342
2012,1,2,80-84,7607
2012,1,2,85-89,6842
2012,1,2,90+,5204
2012,1,3,<1,274
2012,1,3,01-04,56
2012,1,3,05-09,29
2012,1,3,10-14,28
2012,1,3,15-19,93
2012,1,3,20-24,161
2012,1,3,25-29,180
2012,1,3,30-34,223
2012,1,3,35-39,313
2012,1,3,40-44,521
2012,1,3,45-49,807
2012,1,3,50-54,1176
2012,1,3,55-59,1631
2012,1,3,60-64,2739
2012,1,3,65-69,4061
2012,1,3,70-74,4948
2012,1,3,75-79,6631
2012,1,3,80-84,8309
2012,1,3,85-89,8095
2012,1,3,90+,6497
2012,1,4,<1,185
2012,1,4,01-04,37
2012,1,4,05-09,25
2012,1,4,10-14,30
2012,1,4,15-19,98
2012,1,4,20-24,136
2012,1,4,25-29,136
2012,1,4,30-34,173
2012,1,4,35-39,247
2012,1,4,40-44,424
2012,1,4,45-49,694
2012,1,4,50-54,966
2012,1,4,55-59,1457
2012,1,4,60-64,2377
2012,1,4,65-69,3635
2012,1,4,70-74,4517
2012,1,4,75-79,6477
2012,1,4,80-84,8270
2012,1,4,85-89,7890
2012,1,4,90+,6418
2012,1,5,<1,179
2012,1,5,01-04,29
2012,1,5,05-09,16
2012,1,5,10-14,26
2012,1,5,15-19,82
2012,1,5,20-24,101
2012,1,5,25-29,97
2012,1,5,30-34,122
2012,1,5,35-39,174
2012,1,5,40-44,330
2012,1,5,45-49,523
2012,1,5,50-54,797
2012,1,5,55-59,1181
2012,1,5,60-64,2056
2012,1,5,65-69,3119
2012,1,5,70-74,3989
2012,1,5,75-79,5752
2012,1,5,80-84,7742
2012,1,5,85-89,7865
2012,1,5,90+,6220
2012,2,1,<1,442
2012,2,1,01-04,65
2012,2,1,05-09,30
2012,2,1,10-14,36
2012,2,1,15-19,62
2012,2,1,20-24,88
2012,2,1,25-29,141
2012,2,1,30-34,237
2012,2,1,35-39,365
2012,2,1,40-44,580
2012,2,1,45-49,885
2012,2,1,50-54,1219
2012,2,1,55-59,1609
2012,2,1,60-64,2308
2012,2,1,65-69,3161
2012,2,1,70-74,4145
2012,2,1,75-79,5784
2012,2,1,80-84,8112
2012,2,1,85-89,8941
2012,2,1,90+,10492
2012,2,2,<1,292
2012,2,2,01-04,47
2012,2,2,05-09,24
2012,2,2,10-14,30
2012,2,2,15-19,49
2012,2,2,20-24,85
2012,2,2,25-29,138
2012,2,2,30-34,172
2012,2,2,35-39,226
2012,2,2,40-44,422
2012,2,2,45-49,679
2012,2,2,50-54,976
2012,2,2,55-59,1392
2012,2,2,60-64,2015
2012,2,2,65-69,2736
2012,2,2,70-74,3673
2012,2,2,75-79,5475
2012,2,2,80-84,8060
2012,2,2,85-89,9942
2012,2,2,90+,12520
2012,2,3,<1,178
2012,2,3,01-04,36
2012,2,3,05-09,24
2012,2,3,10-14,14
2012,2,3,15-19,41
2012,2,3,20-24,77
2012,2,3,25-29,72
2012,2,3,30-34,124
2012,2,3,35-39,194
2012,2,3,40-44,366
2012,2,3,45-49,608
2012,2,3,50-54,839
2012,2,3,55-59,1231
2012,2,3,60-64,1916
2012,2,3,65-69,2751
2012,2,3,70-74,3551
2012,2,3,75-79,5418
2012,2,3,80-84,8465
2012,2,3,85-89,10840
2012,2,3,90+,14641
2012,2,4,<1,176
2012,2,4,01-04,19
2012,2,4,05-09,24
2012,2,4,10-14,18
2012,2,4,15-19,42
2012,2,4,20-24,54
2012,2,4,25-29,65
2012,2,4,30-34,99
2012,2,4,35-39,151
2012,2,4,40-44,284
2012,2,4,45-49,506
2012,2,4,50-54,757
2012,2,4,55-59,1108
2012,2,4,60-64,1747
2012,2,4,65-69,2648
2012,2,4,70-74,3336
2012,2,4,75-79,4982
2012,2,4,80-84,8138
2012,2,4,85-89,10653
2012,2,4,90+,14814
2012,2,5,<1,151
2012,2,5,01-04,22
2012,2,5,05-09,17
2012,2,5,10-14,21
2012,2,5,15-19,34
2012,2,5,20-24,44
2012,2,5,25-29,54
2012,2,5,30-34,91
2012,2,5,35-39,146
2012,2,5,40-44,243
2012,2,5,45-49,457
2012,2,5,50-54,624
2012,2,5,55-59,876
2012,2,5,60-64,1469
2012,2,5,65-69,2280
2012,2,5,70-74,2807
2012,2,5,75-79,4517
2012,2,5,80-84,7207
2012,2,5,85-89,9435
2012,2,5,90+,13162
2013,1,1,<1,537
2013,1,1,01-04,72
2013,1,1,05-09,41
2013,1,1,10-14,36
2013,1,1,15-19,141
2013,1,1,20-24,211
2013,1,1,25-29,354
2013,1,1,30-34,482
2013,1,1,35-39,682
2013,1,1,40-44,1084
2013,1,1,45-49,1557
2013,1,1,50-54,1966
2013,1,1,55-59,2628
2013,1,1,60-64,3728
2013,1,1,65-69,4893
2013,1,1,70-74,5439
2013,1,1,75-79,6640
2013,1,1,80-84,7248
2013,1,1,85-89,6245
2013,1,1,90+,4464
2013,1,2,<1,365
2013,1,2,01-04,66
2013,1,2,05-09,28
2013,1,2,10-14,26
2013,1,2,15-19,109
2013,1,2,20-24,198
2013,1,2,25-29,291
2013,1,2,30-34,335
2013,1,2,35-39,474
2013,1,2,40-44,759
2013,1,2,45-49,1064
2013,1,2,50-54,1492
2013,1,2,55-59,2029
2013,1,2,60-64,2962
2013,1,2,65-69,4103
2013,1,2,70-74,4984
2013,1,2,75-79,6675
2013,1,2,80-84,7752
2013,1,2,85-89,7117
2013,1,2,90+,5446
2013,1,3,<1,236
2013,1,3,01-04,40
2013,1,3,05-09,26
2013,1,3,10-14,28
2013,1,3,15-19,84
2013,1,3,20-24,165
2013,1,3,25-29,174
2013,1,3,30-34,249
2013,1,3,35-39,344
2013,1,3,40-44,540
2013,1,3,45-49,841
2013,1,3,50-54,1197
2013,1,3,55-59,1644
2013,1,3,60-64,2762
2013,1,3,65-69,4116
2013,1,3,70-74,4996
2013,1,3,75-79,6670
2013,1,3,80-84,8542
2013,1,3,85-89,8217
2013,1,3,90+,6589
2013,1,4,<1,204
2013,1,4,01-04,44
2013,1,4,05-09,19
2013,1,4,10-14,26
2013,1,4,15-19,89
2013,1,4,20-24,138
2013,1,4,25-29,136
2013,1,4,30-34,198
2013,1,4,35-39,254
2013,1,4,40-44,456
2013,1,4,45-49,734
2013,1,4,50-54,987
2013,1,4,55-59,1442
2013,1,4,60-64,2310
2013,1,4,65-69,3762
2013,1,4,70-74,4700
2013,1,4,75-79,6552
2013,1,4,80-84,8395
2013,1,4,85-89,8189
2013,1,4,90+,6937
2013,1,5,<1,161
2013,1,5,01-04,27
2013,1,5,05-09,19
2013,1,5,10-14,31
2013,1,5,15-19,76
2013,1,5,20-24,106
2013,1,5,25-29,102
2013,1,5,30-34,137
2013,1,5,35-39,189
2013,1,5,40-44,328
2013,1,5,45-49,508
2013,1,5,50-54,870
2013,1,5,55-59,1235
2013,1,5,60-64,1904
2013,1,5,65-69,3280
2013,1,5,70-74,4115
2013,1,5,75-79,5787
2013,1,5,80-84,8029
2013,1,5,85-89,7873
2013,1,5,90+,6757
2013,2,1,<1,406
2013,2,1,01-04,75
2013,2,1,05-09,34
2013,2,1,10-14,35
2013,2,1,15-19,60
2013,2,1,20-24,105
2013,2,1,25-29,182
2013,2,1,30-34,261
2013,2,1,35-39,353
2013,2,1,40-44,636
2013,2,1,45-49,917
2013,2,1,50-54,1249
2013,2,1,55-59,1643
2013,2,1,60-64,2264
2013,2,1,65-69,3208
2013,2,1,70-74,4067
2013,2,1,75-79,5873
2013,2,1,80-84,8085
2013,2,1,85-89,8947
2013,2,1,90+,10722
2013,2,2,<1,256
2013,2,2,01-04,45
2013,2,2,05-09,16
2013,2,2,10-14,24
2013,2,2,15-19,41
2013,2,2,20-24,85
2013,2,2,25-29,115
2013,2,2,30-34,181
2013,2,2,35-39,248
2013,2,2,40-44,463
2013,2,2,45-49,661
2013,2,2,50-54,1000
2013,2,2,55-59,1371
2013,2,2,60-64,2006
2013,2,2,65-69,2854
2013,2,2,70-74,3639
2013,2,2,75-79,5363
2013,2,2,80-84,8171
2013,2,2,85-89,9782
2013,2,2,90+,12981
2013,2,3,<1,183
2013,2,3,01-04,37
2013,2,3,05-09,23
2013,2,3,10-14,19
2013,2,3,15-19,52
2013,2,3,20-24,71
2013,2,3,25-29,98
2013,2,3,30-34,151
2013,2,3,35-39,198
2013,2,3,40-44,314
2013,2,3,45-49,600
2013,2,3,50-54,847
2013,2,3,55-59,1173
2013,2,3,60-64,1841
2013,2,3,65-69,2856
2013,2,3,70-74,3620
2013,2,3,75-79,5427
2013,2,3,80-84,8226
2013,2,3,85-89,10919
2013,2,3,90+,15058
2013,2,4,<1,143
2013,2,4,01-04,32
2013,2,4,05-09,24
2013,2,4,10-14,22
2013,2,4,15-19,37
2013,2,4,20-24,60
2013,2,4,25-29,63
2013,2,4,30-34,93
2013,2,4,35-39,161
2013,2,4,40-44,288
2013,2,4,45-49,482
2013,2,4,50-54,747
2013,2,4,55-59,1047
2013,2,4,60-64,1589
2013,2,4,65-69,2736
2013,2,4,70-74,3293
2013,2,4,75-79,5131
2013,2,4,80-84,8133
2013,2,4,85-89,10472
2013,2,4,90+,15207
2013,2,5,<1,120
2013,2,5,01-04,23
2013,2,5,05-09,19
2013,2,5,10-14,19
2013,2,5,15-19,33
2013,2,5,20-24,42
2013,2,5,25-29,56
2013,2,5,30-34,90
2013,2,5,35-39,142
2013,2,5,40-44,259
2013,2,5,45-49,401
2013,2,5,50-54,597
2013,2,5,55-59,890
2013,2,5,60-64,1405
2013,2,5,65-69,2309
2013,2,5,70-74,2995
2013,2,5,75-79,4556
2013,2,5,80-84,7224
2013,2,5,85-89,9429
2013,2,5,90+,13755
2014,1,1,<1,506
2014,1,1,01-04,88
2014,1,1,05-09,43
2014,1,1,10-14,53
2014,1,1,15-19,137
2014,1,1,20-24,284
2014,1,1,25-29,385
2014,1,1,30-34,464
2014,1,1,35-39,708
2014,1,1,40-44,1095
2014,1,1,45-49,1673
2014,1,1,50-54,2099
2014,1,1,55-59,2724
2014,1,1,60-64,3670
2014,1,1,65-69,4792
2014,1,1,70-74,5530
2014,1,1,75-79,6794
2014,1,1,80-84,7223
2014,1,1,85-89,6136
2014,1,1,90+,4393
2014,1,2,<1,312
2014,1,2,01-04,66
2014,1,2,05-09,34
2014,1,2,10-14,43
2014,1,2,15-19,113
2014,1,2,20-24,204
2014,1,2,25-29,252
2014,1,2,30-34,358
2014,1,2,35-39,441
2014,1,2,40-44,725
2014,1,2,45-49,1106
2014,1,2,50-54,1517
2014,1,2,55-59,2042
2014,1,2,60-64,2885
2014,1,2,65-69,4304
2014,1,2,70-74,4975
2014,1,2,75-79,6449
2014,1,2,80-84,7515
2014,1,2,85-89,7012
2014,1,2,90+,5535
2014,1,3,<1,240
2014,1,3,01-04,36
2014,1,3,05-09,29
2014,1,3,10-14,25
2014,1,3,15-19,99
2014,1,3,20-24,165
2014,1,3,25-29,202
2014,1,3,30-34,265
2014,1,3,35-39,336
2014,1,3,40-44,517
2014,1,3,45-49,842
2014,1,3,50-54,1180
2014,1,3,55-59,1664
2014,1,3,60-64,2533
2014,1,3,65-69,4195
2014,1,3,70-74,5017
2014,1,3,75-79,6622
2014,1,3,80-84,8317
2014,1,3,85-89,8091
2014,1,3,90+,6853
2014,1,4,<1,180
2014,1,4,01-04,33
2014,1,4,05-09,20
2014,1,4,10-14,22
2014,1,4,15-19,86
2014,1,4,20-24,135
2014,1,4,25-29,165
2014,1,4,30-34,208
2014,1,4,35-39,244
2014,1,4,40-44,410
2014,1,4,45-49,616
2014,1,4,50-54,984
2014,1,4,55-59,1420
2014,1,4,60-64,2301
2014,1,4,65-69,3767
2014,1,4,70-74,4751
2014,1,4,75-79,6510
2014,1,4,80-84,8305
2014,1,4,85-89,8343
2014,1,4,90+,7039
2014,1,5,<1,133
2014,1,5,01-04,33
2014,1,5,05-09,25
2014,1,5,10-14,24
2014,1,5,15-19,62
2014,1,5,20-24,114
2014,1,5,25-29,99
2014,1,5,30-34,133
2014,1,5,35-39,169
2014,1,5,40-44,312
2014,1,5,45-49,547
2014,1,5,50-54,855
2014,1,5,55-59,1192
2014,1,5,60-64,1887
2014,1,5,65-69,3268
2014,1,5,70-74,4168
2014,1,5,75-79,5827
2014,1,5,80-84,7876
2014,1,5,85-89,8048
2014,1,5,90+,6893
2014,2,1,<1,440
2014,2,1,01-04,72
2014,2,1,05-09,34
2014,2,1,10-14,39
2014,2,1,15-19,63
2014,2,1,20-24,121
2014,2,1,25-29,169
2014,2,1,30-34,287
2014,2,1,35-39,377
2014,2,1,40-44,625
2014,2,1,45-49,931
2014,2,1,50-54,1302
2014,2,1,55-59,1657
2014,2,1,60-64,2315
2014,2,1,65-69,3186
2014,2,1,70-74,4097
2014,2,1,75-79,5684
2014,2,1,80-84,7554
2014,2,1,85-89,8567
2014,2,1,90+,10395
2014,2,2,<1,241
2014,2,2,01-04,45
2014,2,2,05-09,34
2014,2,2,10-14,32
2014,2,2,15-19,59
2014,2,2,20-24,89
2014,2,2,25-29,155
2014,2,2,30-34,196
2014,2,2,35-39,267
2014,2,2,40-44,425
2014,2,2,45-49,687
2014,2,2,50-54,964
2014,2,2,55-59,1268
2014,2,2,60-64,1940
2014,2,2,65-69,2821
2014,2,2,70-74,3808
2014,2,2,75-79,5281
2014,2,2,80-84,7825
2014,2,2,85-89,9495
2014,2,2,90+,12745
2014,2,3,<1,207
2014,2,3,01-04,23
2014,2,3,05-09,24
2014,2,3,10-14,14
2014,2,3,15-19,58
2014,2,3,20-24,61
2014,2,3,25-29,93
2014,2,3,30-34,149
2014,2,3,35-39,198
2014,2,3,40-44,380
2014,2,3,45-49,558
2014,2,3,50-54,838
2014,2,3,55-59,1134
2014,2,3,60-64,1800
2014,2,3,65-69,2838
2014,2,3,70-74,3588
2014,2,3,75-79,5365
2014,2,3,80-84,8132
2014,2,3,85-89,10268
2014,2,3,90+,14795
2014,2,4,<1,148
2014,2,4,01-04,17
2014,2,4,05-09,16
2014,2,4,10-14,12
2014,2,4,15-19,51
2014,2,4,20-24,54
2014,2,4,25-29,58
2014,2,4,30-34,92
2014,2,4,35-39,167
2014,2,4,40-44,298
2014,2,4,45-49,514
2014,2,4,50-54,735
2014,2,4,55-59,1066
2014,2,4,60-64,1664
2014,2,4,65-69,2730
2014,2,4,70-74,3403
2014,2,4,75-79,5186
2014,2,4,80-84,7753
2014,2,4,85-89,10017
2014,2,4,90+,15062
2014,2,5,<1,141
2014,2,5,01-04,33
2014,2,5,05-09,13
2014,2,5,10-14,15
2014,2,5,15-19,46
2014,2,5,20-24,58
2014,2,5,25-29,50
2014,2,5,30-34,95
2014,2,5,35-39,135
2014,2,5,40-44,269
2014,2,5,45-49,398
2014,2,5,50-54,674
2014,2,5,55-59,889
2014,2,5,60-64,1269
2014,2,5,65-69,2314
2014,2,5,70-74,3022
2014,2,5,75-79,4558
2014,2,5,80-84,7117
2014,2,5,85-89,9352
2014,2,5,90+,13453
2015,1,1,<1,542
2015,1,1,01-04,84
2015,1,1,05-09,52
2015,1,1,10-14,46
2015,1,1,15-19,123
2015,1,1,20-24,277
2015,1,1,25-29,355
2015,1,1,30-34,512
2015,1,1,35-39,703
2015,1,1,40-44,1079
2015,1,1,45-49,1604
2015,1,1,50-54,2210
2015,1,1,55-59,2752
2015,1,1,60-64,3777
2015,1,1,65-69,5037
2015,1,1,70-74,5621
2015,1,1,75-79,6964
2015,1,1,80-84,7483
2015,1,1,85-89,6534
2015,1,1,90+,4972
2015,1,2,<1,361
2015,1,2,01-04,48
2015,1,2,05-09,29
2015,1,2,10-14,31
2015,1,2,15-19,104
2015,1,2,20-24,222
2015,1,2,25-29,276
2015,1,2,30-34,365
2015,1,2,35-39,473
2015,1,2,40-44,715
2015,1,2,45-49,1130
2015,1,2,50-54,1613
2015,1,2,55-59,2141
2015,1,2,60-64,2946
2015,1,2,65-69,4434
2015,1,2,70-74,5294
2015,1,2,75-79,6644
2015,1,2,80-84,7996
2015,1,2,85-89,7529
2015,1,2,90+,6153
2015,1,3,<1,226
2015,1,3,01-04,41
2015,1,3,05-09,25
2015,1,3,10-14,22
2015,1,3,15-19,104
2015,1,3,20-24,152
2015,1,3,25-29,202
2015,1,3,30-34,234
2015,1,3,35-39,321
2015,1,3,40-44,529
2015,1,3,45-49,827
2015,1,3,50-54,1223
2015,1,3,55-59,1780
2015,1,3,60-64,2568
2015,1,3,65-69,4226
2015,1,3,70-74,5248
2015,1,3,75-79,7089
2015,1,3,80-84,8707
2015,1,3,85-89,8660
2015,1,3,90+,7553
2015,1,4,<1,214
2015,1,4,01-04,44
2015,1,4,05-09,19
2015,1,4,10-14,27
2015,1,4,15-19,85
2015,1,4,20-24,133
2015,1,4,25-29,143
2015,1,4,30-34,181
2015,1,4,35-39,237
2015,1,4,40-44,404
2015,1,4,45-49,653
2015,1,4,50-54,997
2015,1,4,55-59,1463
2015,1,4,60-64,2287
2015,1,4,65-69,3773
2015,1,4,70-74,4817
2015,1,4,75-79,6640
2015,1,4,80-84,8819
2015,1,4,85-89,8841
2015,1,4,90+,7863
2015,1,5,<1,147
2015,1,5,01-04,26
2015,1,5,05-09,13
2015,1,5,10-14,29
2015,1,5,15-19,75
2015,1,5,20-24,117
2015,1,5,25-29,97
2015,1,5,30-34,127
2015,1,5,35-39,174
2015,1,5,40-44,305
2015,1,5,45-49,503
2015,1,5,50-54,829
2015,1,5,55-59,1183
2015,1,5,60-64,1815
2015,1,5,65-69,3308
2015,1,5,70-74,4339
2015,1,5,75-79,6098
2015,1,5,80-84,8178
2015,1,5,85-89,8725
2015,1,5,90+,7721
2015,2,1,<1,412
2015,2,1,01-04,76
2015,2,1,05-09,37
2015,2,1,10-14,34
2015,2,1,15-19,67
2015,2,1,20-24,95
2015,2,1,25-29,171
2015,2,1,30-34,259
2015,2,1,35-39,421
2015,2,1,40-44,624
2015,2,1,45-49,974
2015,2,1,50-54,1374
2015,2,1,55-59,1679
2015,2,1,60-64,2336
2015,2,1,65-69,3510
2015,2,1,70-74,4181
2015,2,1,75-79,5987
2015,2,1,80-84,8036
2015,2,1,85-89,9108
2015,2,1,90+,11419
2015,2,2,<1,237
2015,2,2,01-04,41
2015,2,2,05-09,22
2015,2,2,10-14,29
2015,2,2,15-19,62
2015,2,2,20-24,79
2015,2,2,25-29,123
2015,2,2,30-34,174
2015,2,2,35-39,270
2015,2,2,40-44,404
2015,2,2,45-49,672
2015,2,2,50-54,1026
2015,2,2,55-59,1310
2015,2,2,60-64,1951
2015,2,2,65-69,2961
2015,2,2,70-74,3910
2015,2,2,75-79,5412
2015,2,2,80-84,8296
2015,2,2,85-89,10103
2015,2,2,90+,13830
2015,2,3,<1,181
2015,2,3,01-04,34
2015,2,3,05-09,19
2015,2,3,10-14,20
2015,2,3,15-19,63
2015,2,3,20-24,79
2015,2,3,25-29,94
2015,2,3,30-34,142
2015,2,3,35-39,187
2015,2,3,40-44,336
2015,2,3,45-49,614
2015,2,3,50-54,871
2015,2,3,55-59,1252
2015,2,3,60-64,1760
2015,2,3,65-69,2982
2015,2,3,70-74,3927
2015,2,3,75-79,5731
2015,2,3,80-84,8534
2015,2,3,85-89,11325
2015,2,3,90+,16304
2015,2,4,<1,135
2015,2,4,01-04,27
2015,2,4,05-09,24
2015,2,4,10-14,17
2015,2,4,15-19,53
2015,2,4,20-24,59
2015,2,4,25-29,77
2015,2,4,30-34,103
2015,2,4,35-39,177
2015,2,4,40-44,289
2015,2,4,45-49,494
2015,2,4,50-54,775
2015,2,4,55-59,1051
2015,2,4,60-64,1555
2015,2,4,65-69,2675
2015,2,4,70-74,3528
2015,2,4,75-79,5289
2015,2,4,80-84,8220
2015,2,4,85-89,11034
2015,2,4,90+,16644
2015,2,5,<1,120
2015,2,5,01-04,16
2015,2,5,05-09,17
2015,2,5,10-14,21
2015,2,5,15-19,28
2015,2,5,20-24,44
2015,2,5,25-29,46
2015,2,5,30-34,86
2015,2,5,35-39,121
2015,2,5,40-44,212
2015,2,5,45-49,382
2015,2,5,50-54,683
2015,2,5,55-59,915
2015,2,5,60-64,1353
2015,2,5,65-69,2356
2015,2,5,70-74,3070
2015,2,5,75-79,4606
2015,2,5,80-84,7418
2015,2,5,85-89,9998
2015,2,5,90+,15007
2016,1,1,<1,531
2016,1,1,01-04,66
2016,1,1,05-09,43
2016,1,1,10-14,48
2016,1,1,15-19,121
2016,1,1,20-24,268
2016,1,1,25-29,381
2016,1,1,30-34,545
2016,1,1,35-39,667
2016,1,1,40-44,1112
2016,1,1,45-49,1610
2016,1,1,50-54,2188
2016,1,1,55-59,2955
2016,1,1,60-64,3657
2016,1,1,65-69,5256
2016,1,1,70-74,5756
2016,1,1,75-79,6754
2016,1,1,80-84,7256
2016,1,1,85-89,6424
2016,1,1,90+,4967
2016,1,2,<1,321
2016,1,2,01-04,61
2016,1,2,05-09,30
2016,1,2,10-14,28
2016,1,2,15-19,92
2016,1,2,20-24,204
2016,1,2,25-29,264
2016,1,2,30-34,387
2016,1,2,35-39,452
2016,1,2,40-44,716
2016,1,2,45-49,1095
2016,1,2,50-54,1616
2016,1,2,55-59,2121
2016,1,2,60-64,3038
2016,1,2,65-69,4457
2016,1,2,70-74,5356
2016,1,2,75-79,6739
2016,1,2,80-84,7778
2016,1,2,85-89,7541
2016,1,2,90+,6116
2016,1,3,<1,235
2016,1,3,01-04,37
2016,1,3,05-09,19
2016,1,3,10-14,32
2016,1,3,15-19,90
2016,1,3,20-24,177
2016,1,3,25-29,222
2016,1,3,30-34,285
2016,1,3,35-39,337
2016,1,3,40-44,514
2016,1,3,45-49,869
2016,1,3,50-54,1264
2016,1,3,55-59,1821
2016,1,3,60-64,2556
2016,1,3,65-69,4152
2016,1,3,70-74,5313
2016,1,3,75-79,6947
2016,1,3,80-84,8616
2016,1,3,85-89,8615
2016,1,3,90+,7521
2016,1,4,<1,190
2016,1,4,01-04,27
2016,1,4,05-09,17
2016,1,4,10-14,27
2016,1,4,15-19,78
2016,1,4,20-24,135
2016,1,4,25-29,158
2016,1,4,30-34,180
2016,1,4,35-39,266
2016,1,4,40-44,407
2016,1,4,45-49,673
2016,1,4,50-54,1050
2016,1,4,55-59,1442
2016,1,4,60-64,2204
2016,1,4,65-69,3884
2016,1,4,70-74,5207
2016,1,4,75-79,6780
2016,1,4,80-84,8698
2016,1,4,85-89,8927
2016,1,4,90+,7863
2016,1,5,<1,156
2016,1,5,01-04,18
2016,1,5,05-09,19
2016,1,5,10-14,17
2016,1,5,15-19,74
2016,1,5,20-24,132
2016,1,5,25-29,119
2016,1,5,30-34,126
2016,1,5,35-39,178
2016,1,5,40-44,294
2016,1,5,45-49,530
2016,1,5,50-54,855
2016,1,5,55-59,1160
2016,1,5,60-64,1846
2016,1,5,65-69,3330
2016,1,5,70-74,4502
2016,1,5,75-79,5900
2016,1,5,80-84,8229
2016,1,5,85-89,8684
2016,1,5,90+,7700
2016,2,1,<1,425
2016,2,1,01-04,65
2016,2,1,05-09,25
2016,2,1,10-14,43
2016,2,1,15-19,66
2016,2,1,20-24,123
2016,2,1,25-29,181
2016,2,1,30-34,283
2016,2,1,35-39,388
2016,2,1,40-44,581
2016,2,1,45-49,1004
2016,2,1,50-54,1400
2016,2,1,55-59,1808
2016,2,1,60-64,2451
2016,2,1,65-69,3404
2016,2,1,70-74,4256
2016,2,1,75-79,5763
2016,2,1,80-84,7551
2016,2,1,85-89,8835
2016,2,1,90+,10927
2016,2,2,<1,264
2016,2,2,01-04,47
2016,2,2,05-09,20
2016,2,2,10-14,25
2016,2,2,15-19,48
2016,2,2,20-24,85
2016,2,2,25-29,125
2016,2,2,30-34,192
2016,2,2,35-39,260
2016,2,2,40-44,429
2016,2,2,45-49,649
2016,2,2,50-54,1117
2016,2,2,55-59,1505
2016,2,2,60-64,2018
2016,2,2,65-69,3110
2016,2,2,70-74,3957
2016,2,2,75-79,5507
2016,2,2,80-84,7743
2016,2,2,85-89,9820
2016,2,2,90+,13399
2016,2,3,<1,197
2016,2,3,01-04,32
2016,2,3,05-09,11
2016,2,3,10-14,17
2016,2,3,15-19,43
2016,2,3,20-24,71
2016,2,3,25-29,93
2016,2,3,30-34,154
2016,2,3,35-39,200
2016,2,3,40-44,334
2016,2,3,45-49,609
2016,2,3,50-54,916
2016,2,3,55-59,1304
2016,2,3,60-64,1753
2016,2,3,65-69,3031
2016,2,3,70-74,4021
2016,2,3,75-79,5533
2016,2,3,80-84,8161
2016,2,3,85-89,10889
2016,2,3,90+,15664
2016,2,4,<1,145
2016,2,4,01-04,26
2016,2,4,05-09,22
2016,2,4,10-14,19
2016,2,4,15-19,43
2016,2,4,20-24,43
2016,2,4,25-29,78
2016,2,4,30-34,118
2016,2,4,35-39,168
2016,2,4,40-44,278
2016,2,4,45-49,525
2016,2,4,50-54,766
2016,2,4,55-59,1139
2016,2,4,60-64,1550
2016,2,4,65-69,2787
2016,2,4,70-74,3873
2016,2,4,75-79,5278
2016,2,4,80-84,7886
2016,2,4,85-89,10723
2016,2,4,90+,15930
2016,2,5,<1,123
2016,2,5,01-04,30
2016,2,5,05-09,15
2016,2,5,10-14,12
2016,2,5,15-19,40
2016,2,5,20-24,42
2016,2,5,25-29,59
2016,2,5,30-34,101
2016,2,5,35-39,130
2016,2,5,40-44,226
2016,2,5,45-49,391
2016,2,5,50-54,681
2016,2,5,55-59,951
2016,2,5,60-64,1322
2016,2,5,65-69,2389
2016,2,5,70-74,3303
2016,2,5,75-79,4597
2016,2,5,80-84,7159
2016,2,5,85-89,9888
2016,2,5,90+,14282
