 age,eq5d_r,sex,productivity_cost
16,0,men,2562.058092
16,0.05,men,2878.298898
16,0.1,men,3221.808435
16,0.15,men,3593.12538
16,0.2,men,3992.522154
16,0.25,men,4419.975596
16,0.3,men,4875.142314
16,0.35,men,5357.339957
16,0.4,men,5865.535471
16,0.45,men,6398.341189
16,0.5,men,6954.019273
16,0.55,men,7530.494698
16,0.6,men,8125.376564
16,0.65,men,8735.987161
16,0.7,men,9359.397829
16,0.75,men,9992.470382
16,0.8,men,10631.9026
16,0.85,men,11274.2762
16,0.9,men,11916.10559
16,0.95,men,12553.88577
16,1,men,13184.13805
17,0,men,2746.455648
17,0.05,men,3082.923957
17,0.1,men,3447.716808
17,0.15,men,3841.228
17,0.2,men,4263.550448
17,0.25,men,4714.448107
17,0.3,men,5193.33407
17,0.35,men,5699.256144
17,0.4,men,6230.890918
17,0.45,men,6786.54703
17,0.5,men,7364.177911
17,0.55,men,7961.40386
17,0.6,men,8575.542834
17,0.65,men,9203.648923
17,0.7,men,9842.55709
17,0.75,men,10488.93251
17,0.8,men,11139.32262
17,0.85,men,11790.21
17,0.9,men,12438.06419
17,0.95,men,13079.39073
17,1,men,13710.77608
18,0,men,4377.396608
18,0.05,men,4909.02257
18,0.1,men,5484.16721
18,0.15,men,6103.142003
18,0.2,men,6765.75648
18,0.25,men,7471.280352
18,0.3,men,8218.417437
18,0.35,men,9005.293235
18,0.4,men,9829.457524
18,0.45,men,10687.90258
18,0.5,men,11577.09695
18,0.55,men,12493.0338
18,0.6,men,13431.29221
18,0.65,men,14387.10911
18,0.7,men,15355.45891
18,0.75,men,16331.13775
18,0.8,men,17308.84898
18,0.85,men,18283.28683
18,0.9,men,19249.21524
18,0.95,men,20201.53941
18,1,men,21135.36821
19,0,men,4702.568426
19,0.05,men,5268.029449
19,0.1,men,5878.309216
19,0.15,men,6533.382992
19,0.2,men,7232.666814
19,0.25,men,7974.985929
19,0.3,men,8758.557962
19,0.35,men,9580.992508
19,0.4,men,10439.30807
19,0.45,men,11329.96642
19,0.5,men,12248.92345
19,0.55,men,13191.69476
19,0.6,men,14153.43342
19,0.65,men,15129.01658
19,0.7,men,16113.13741
19,0.75,men,17100.39851
19,0.8,men,18085.40315
19,0.85,men,19062.84102
19,0.9,men,20027.56557
19,0.95,men,20974.66088
19,1,men,21899.4965
20,0,men,4913.224344
20,0.05,men,5497.425957
20,0.1,men,6126.255734
20,0.15,men,6799.299
20,0.2,men,7515.541809
20,0.25,men,8273.349301
20,0.3,men,9070.461435
20,0.35,men,9904.007372
20,0.4,men,10770.53879
20,0.45,men,11666.08135
20,0.5,men,12586.20252
20,0.55,men,13526.09297
20,0.6,men,14480.65799
20,0.65,men,15444.61505
20,0.7,men,16412.59308
20,0.75,men,17379.22949
20,0.8,men,18339.26116
20,0.85,men,19287.6062
20,0.9,men,20219.43405
20,0.95,men,21130.22241
20,1,men,22015.80014
21,0,men,5285.773339
21,0.05,men,5906.484258
21,0.1,men,6572.673298
21,0.15,men,7283.47045
21,0.2,men,8037.352842
21,0.25,men,8832.135388
21,0.3,men,9664.981951
21,0.35,men,10532.43763
21,0.4,men,11430.48157
21,0.45,men,12354.59852
21,0.5,men,13299.86598
21,0.55,men,14261.05333
21,0.6,men,15232.72804
21,0.65,men,16209.36444
21,0.7,men,17185.4501
21,0.75,men,18155.58556
21,0.8,men,19114.57371
21,0.85,men,20057.49611
21,0.9,men,20979.77432
21,0.95,men,21877.21552
21,1,men,22746.04234
22,0,men,7190.093838
22,0.05,men,8022.958143
22,0.1,men,8914.049041
22,0.15,men,9861.611728
22,0.2,men,10863.00479
22,0.25,men,11914.70838
22,0.3,men,13012.36203
22,0.35,men,14150.83179
22,0.4,men,15324.30435
22,0.45,men,16526.40427
22,0.5,men,17750.32885
22,0.55,men,18988.99427
22,0.6,men,20235.18587
22,0.65,men,21481.70589
22,0.7,men,22721.51211
22,0.75,men,23947.8421
22,0.8,men,25154.31895
22,0.85,men,26335.03583
22,0.9,men,27484.61817
22,0.95,men,28598.26348
22,1,men,29671.76025
23,0,men,7673.679162
23,0.05,men,8549.486504
23,0.1,men,9483.405509
23,0.15,men,10472.97285
23,0.2,men,11514.79502
23,0.25,men,12604.58069
23,0.3,men,13737.20571
23,0.35,men,14906.80868
23,0.4,men,16106.91322
23,0.45,men,17330.57112
23,0.5,men,18570.5192
23,0.55,men,19819.34221
23,0.6,men,21069.63371
23,0.65,men,22314.14786
23,0.7,men,23545.93556
23,0.75,men,24758.46044
23,0.8,men,25945.69133
23,0.85,men,27102.16997
23,0.9,men,28223.0538
23,0.95,men,29304.13552
23,1,men,30341.84164
24,0,men,8158.046011
24,0.05,men,9074.497704
24,0.1,men,10048.34411
24,0.15,men,11076.37268
24,0.2,men,12154.41471
24,0.25,men,13277.40543
24,0.3,men,14439.4786
24,0.35,men,15634.0917
24,0.4,men,16854.17583
24,0.45,men,18092.30262
24,0.5,men,19340.85943
24,0.55,men,20592.22407
24,0.6,men,21838.93058
24,0.65,men,23073.81873
24,0.7,men,24290.16181
24,0.75,men,25481.76867
24,0.8,men,26643.05845
24,0.85,men,27769.10785
24,0.9,men,28855.67252
24,0.95,men,29899.18526
24,1,men,30896.73453
25,0,men,10282.66258
25,0.05,men,11418.61951
25,0.1,men,12621.34646
25,0.15,men,13886.10345
25,0.2,men,15207.00544
25,0.25,men,16577.12993
25,0.3,men,17988.66617
25,0.35,men,19433.09901
25,0.4,men,20901.41772
25,0.45,men,22384.33865
25,0.5,men,23872.52973
25,0.55,men,25356.82561
25,0.6,men,26828.42327
25,0.65,men,28279.0502
25,0.7,men,29701.09973
25,0.75,men,31087.73068
25,0.8,men,32432.93106
25,0.85,men,33731.54764
25,0.9,men,34979.285
25,0.95,men,36172.67853
25,1,men,37309.04666
26,0,men,11020.39359
26,0.05,men,12216.7904
26,0.1,men,13478.81366
26,0.15,men,14800.71691
26,0.2,men,16175.60899
26,0.25,men,17595.60152
26,0.3,men,19051.99758
26,0.35,men,20535.51159
26,0.4,men,22036.50823
26,0.45,men,23545.24719
26,0.5,men,25052.1206
26,0.55,men,26547.8715
26,0.6,men,28023.78348
26,0.65,men,29471.83501
26,0.7,men,30884.81453
26,0.75,men,32256.39547
26,0.8,men,33581.1731
26,0.85,men,34854.66677
26,0.9,men,36073.29276
26,0.95,men,37234.31349
26,1,men,38335.76924
27,0,men,11534.39334
27,0.05,men,12764.29533
27,0.1,men,14056.80021
27,0.15,men,15405.28188
27,0.2,men,16802.01809
27,0.25,men,18238.37545
27,0.3,men,19705.03226
27,0.35,men,21192.2267
27,0.4,men,22690.01599
27,0.45,men,24188.53201
27,0.5,men,25678.21991
27,0.55,men,27150.04834
27,0.6,men,28595.68293
27,0.65,men,30007.6181
27,0.7,men,31379.2656
27,0.75,men,32705.00094
27,0.8,men,33980.17171
27,0.85,men,35201.07293
27,0.9,men,36364.89598
27,0.95,men,37469.65768
27,1,men,38514.11587
28,0,men,12015.12518
28,0.05,men,13273.10707
28,0.1,men,14590.17748
28,0.15,men,15958.89068
28,0.2,men,17370.77737
28,0.25,men,18816.56514
28,0.3,men,20286.43171
28,0.35,men,21770.27583
28,0.4,men,23257.99011
28,0.45,men,24739.72029
28,0.5,men,26206.09787
28,0.55,men,27648.43579
28,0.6,men,29058.88046
28,0.65,men,30430.51751
28,0.7,men,31757.43164
28,0.75,men,33034.72428
28,0.8,men,34258.49443
28,0.85,men,35425.78947
28,0.9,men,36534.53334
28,0.95,men,37583.439
28,1,men,38571.91175
29,0,men,12653.80236
29,0.05,men,13954.6163
29,0.1,men,15311.5133
29,0.15,men,16716.17769
29,0.2,men,18159.34835
29,0.25,men,19631.07526
29,0.3,men,21121.00242
29,0.35,men,22618.65988
29,0.4,men,24113.7478
29,0.45,men,25596.39672
29,0.5,men,27057.39147
29,0.55,men,28488.34999
29,0.6,men,29881.85247
29,0.65,men,31231.5202
29,0.7,men,32532.04714
29,0.75,men,33779.18963
29,0.8,men,34969.72144
29,0.85,men,36101.36211
29,0.9,men,37172.68652
29,0.95,men,38183.02293
29,1,men,39132.34607
30,0,men,15431.17424
30,0.05,men,16989.03748
30,0.1,men,18608.24556
30,0.15,men,20278.19356
30,0.2,men,21987.28929
30,0.25,men,23723.28949
30,0.3,men,25473.65773
30,0.35,men,27225.92195
30,0.4,men,28968.01053
30,0.45,men,30688.54908
30,0.5,men,32377.10466
30,0.55,men,34024.36937
30,0.6,men,35622.28069
30,0.65,men,37164.08065
30,0.7,men,38644.31989
30,0.75,men,40058.81489
30,0.8,men,41404.5685
30,0.85,men,42679.66379
30,0.9,men,43883.14095
30,0.95,men,45014.86584
30,1,men,46075.39706
31,0,men,16039.37733
31,0.05,men,17630.32391
31,0.1,men,19278.23771
31,0.15,men,20971.72217
31,0.2,men,22698.52537
31,0.25,men,24445.90746
31,0.3,men,26201.01968
31,0.35,men,27951.27133
31,0.4,men,29684.66356
31,0.45,men,31390.07317
31,0.5,men,33057.4749
31,0.55,men,34678.09691
31,0.6,men,36244.50951
31,0.65,men,37750.65188
31,0.7,men,39191.80508
31,0.75,men,40564.52158
31,0.8,men,41866.52221
31,0.85,men,43096.5715
31,0.9,men,44254.34101
31,0.95,men,45340.26885
31,1,men,46355.42201
32,0,men,16822.6046
32,0.05,men,18463.24787
32,0.1,men,20157.11993
32,0.15,men,21891.97602
32,0.2,men,23654.84689
32,0.25,men,25432.43709
32,0.3,men,27211.52405
32,0.35,men,28979.3334
32,0.4,men,30723.86936
32,0.45,men,32434.18473
32,0.5,men,34100.5812
32,0.55,men,35714.73718
32,0.6,men,37269.76603
32,0.65,men,38760.21205
32,0.7,men,40181.99451
32,0.75,men,41532.31143
32,0.8,men,42809.51529
32,0.85,men,44012.97152
32,0.9,men,45142.90972
32,0.95,men,46200.27536
32,1,men,47186.58787
33,0,men,17287.70355
33,0.05,men,18947.05146
33,0.1,men,20655.05934
33,0.15,men,22398.931
33,0.2,men,24165.29218
33,0.25,men,25940.60785
33,0.3,men,27711.58945
33,0.35,men,29465.56725
33,0.4,men,31190.80791
33,0.45,men,32876.76336
33,0.5,men,34514.24436
33,0.55,men,36095.5186
33,0.6,men,37614.33883
33,0.65,men,39065.91043
33,0.7,men,40446.81033
33,0.75,men,41754.87017
33,0.8,men,42989.03592
33,0.85,men,44149.21524
33,0.9,men,45236.12183
33,0.95,men,46251.12404
33,1,men,47196.10294
34,0,men,17922.69148
34,0.05,men,19617.87078
34,0.1,men,21357.9424
34,0.15,men,23129.49184
34,0.2,men,24918.66321
34,0.25,men,26711.59561
34,0.3,men,28494.83911
34,0.35,men,30255.72511
34,0.4,men,31982.67223
34,0.45,men,33665.41604
34,0.5,men,35295.15806
34,0.55,men,36864.63675
34,0.6,men,38368.12809
34,0.65,men,39801.38738
34,0.7,men,41161.54541
34,0.75,men,42446.97277
34,0.8,men,43657.125
34,0.85,men,44792.37955
34,0.9,men,45853.87374
34,0.95,men,46843.3501
34,1,men,47763.01401
35,0,men,18575.06813
35,0.05,men,20308.82442
35,0.1,men,22084.09478
35,0.15,men,23886.87989
35,0.2,men,25702.86867
35,0.25,men,27517.89144
35,0.3,men,29318.34229
35,0.35,men,31091.54617
35,0.4,men,32826.05278
35,0.45,men,34511.84741
35,0.5,men,36140.47694
35,0.55,men,37705.09555
35,0.6,men,39200.44043
35,0.65,men,40622.75036
35,0.7,men,41969.64179
35,0.75,men,43239.95679
35,0.8,men,44433.59571
35,0.85,men,45551.3455
35,0.9,men,46594.71226
35,0.95,men,47565.76425
35,1,men,48466.98929
36,0,men,19046.17705
36,0.05,men,20803.43272
36,0.1,men,22598.88258
36,0.15,men,24418.1144
36,0.2,men,26246.52579
36,0.25,men,28069.78739
36,0.3,men,29874.26636
36,0.35,men,31647.3862
36,0.4,men,33377.90627
36,0.45,men,35056.11339
36,0.5,men,36673.92565
36,0.55,men,38224.91525
36,0.6,men,39704.26232
36,0.65,men,41108.65404
36,0.7,men,42436.14448
36,0.75,men,43685.98992
36,0.8,men,44858.47238
36,0.85,men,45954.72231
36,0.9,men,46976.54826
36,0.95,men,47926.27933
36,1,men,48806.62384
37,0,men,19427.49491
37,0.05,men,21202.5789
37,0.1,men,23012.94014
37,0.15,men,24843.84498
37,0.2,men,26680.47639
37,0.25,men,28508.40392
37,0.3,men,30314.00628
37,0.35,men,32084.823
37,0.4,men,33809.82036
37,0.45,men,35479.56542
37,0.5,men,37086.31024
37,0.55,men,38623.99508
37,0.6,men,40088.18382
37,0.65,men,41475.94698
37,0.7,men,42785.70849
37,0.75,men,44017.07098
37,0.8,men,45170.63257
37,0.85,men,46247.80543
37,0.9,men,47250.64376
37,0.95,men,48181.6864
37,1,men,49043.81711
38,0,men,19716.11818
38,0.05,men,21503.73196
38,0.1,men,23324.19462
38,0.15,men,25162.53278
38,0.2,men,27003.77839
38,0.25,men,28833.44301
38,0.3,men,30637.93835
38,0.35,men,32404.92028
38,0.4,men,34123.54272
38,0.45,men,35784.61665
38,0.5,men,37380.67813
38,0.55,men,38905.97539
38,0.6,men,40356.38938
38,0.65,men,41729.3041
38,0.7,men,43023.44316
38,0.75,men,44238.6875
38,0.8,men,45375.8872
38,0.85,men,46436.67716
38,0.9,men,47423.30422
38,0.95,men,48338.4703
38,1,men,49185.19422
39,0,men,20175.5984
39,0.05,men,21994.71868
39,0.1,men,23845.22697
39,0.15,men,25711.78088
39,0.2,men,27579.11239
39,0.25,men,29432.51116
39,0.3,men,31258.24855
39,0.35,men,33043.91977
39,0.4,men,34778.69134
39,0.45,men,36453.45042
39,0.5,men,38060.86096
39,0.55,men,39595.33821
39,0.6,men,41052.95683
39,0.65,men,42431.30987
39,0.7,men,43729.33549
39,0.75,men,44947.12678
39,0.8,men,46085.73738
39,0.85,men,47146.9929
39,0.9,men,48133.31522
39,0.95,men,49047.5642
39,1,men,49892.89904
40,0,men,21967.58324
40,0.05,men,23941.71708
40,0.1,men,25948.46219
40,0.15,men,27971.08337
40,0.2,men,29992.97608
40,0.25,men,31998.19202
40,0.3,men,33971.89685
40,0.35,men,35900.73613
40,0.4,men,37773.0961
40,0.45,men,39579.25677
40,0.5,men,41311.44335
40,0.55,men,42963.78945
40,0.6,men,44532.22915
40,0.65,men,46014.33727
40,0.7,men,47409.13597
40,0.75,men,48716.88476
40,0.8,men,49938.86731
40,0.85,men,51077.18588
40,0.9,men,52134.57071
40,0.95,men,53114.20905
40,1,men,54019.5961
41,0,men,21951.9869
41,0.05,men,23922.74981
41,0.1,men,25925.39414
41,0.15,men,27943.15175
41,0.2,men,29959.40918
41,0.25,men,31958.23426
41,0.3,men,33924.83297
41,0.35,men,35845.9129
41,0.4,men,37709.94041
41,0.45,men,39507.28914
41,0.5,men,41230.28668
41,0.55,men,42873.17301
41,0.6,men,44431.98828
41,0.65,men,45904.4094
41,0.7,men,47289.55389
41,0.75,men,48587.76777
41,0.8,men,49800.41123
41,0.85,men,50929.65245
41,0.9,men,51978.27704
41,0.95,men,52949.51746
41,1,men,53846.90475
42,0,men,22119.64611
42,0.05,men,24108.15712
42,0.1,men,26128.94739
42,0.15,men,28165.05728
42,0.2,men,30199.68147
42,0.25,men,32216.70307
42,0.3,men,34201.15719
42,0.35,men,36139.59974
42,0.4,men,38020.36828
42,0.45,men,39833.73259
42,0.5,men,41571.94181
42,0.55,men,43229.18204
42,0.6,men,44801.4623
42,0.65,men,46286.44848
42,0.7,men,47683.26428
42,0.75,men,48992.27597
42,0.8,men,50214.87499
42,0.85,men,51353.26899
42,0.9,men,52410.28872
42,0.95,men,53389.21536
42,1,men,54293.63044
43,0,men,22179.13532
43,0.05,men,24180.41857
43,0.1,men,26215.1004
43,0.15,men,28266.09374
43,0.2,men,30316.4381
43,0.25,men,32349.84107
43,0.3,men,34351.1501
43,0.35,men,36306.72969
43,0.4,men,38204.73011
43,0.45,men,40035.24478
43,0.5,men,41790.36269
43,0.55,men,43464.12981
43,0.6,men,45052.43715
43,0.65,men,46552.85544
43,0.7,men,47964.43561
43,0.75,men,49287.49213
43,0.8,men,50523.38364
43,0.85,men,51674.30154
43,0.9,men,52743.07438
43,0.95,men,53732.99267
43,1,men,54647.65637
44,0,men,22424.01517
44,0.05,men,24459.66801
44,0.1,men,26531.03494
44,0.15,men,28620.7424
44,0.2,men,30711.48895
44,0.25,men,32786.60079
44,0.3,men,34830.51954
44,0.35,men,36829.19594
44,0.4,men,38770.37436
44,0.45,men,40643.76393
44,0.5,men,42441.10221
44,0.55,men,44156.12462
44,0.6,men,45784.45752
44,0.65,men,47323.45493
44,0.7,men,48771.99853
44,0.75,men,50130.27869
44,0.8,men,51399.57118
44,0.85,men,52582.02117
44,0.9,men,53680.44236
44,0.95,men,54698.13659
44,1,men,55638.73633
45,0,men,22261.48657
45,0.05,men,24299.26212
45,0.1,men,26375.34284
45,0.15,men,28472.3759
45,0.2,men,30572.99653
45,0.25,men,32660.38924
45,0.3,men,34718.78603
45,0.35,men,36733.87424
45,0.4,men,38693.0971
45,0.45,men,40585.84132
45,0.5,men,42403.51643
45,0.55,men,44139.53766
45,0.6,men,45789.23006
45,0.65,men,47349.67325
45,0.7,men,48819.50666
45,0.75,men,50198.71319
45,0.8,men,51488.39644
45,0.85,men,52690.56349
45,0.9,men,53807.92175
45,0.95,men,54843.6953
45,1,men,55801.46393
46,0,men,21987.73184
46,0.05,men,24021.67696
46,0.1,men,26097.20239
46,0.15,men,28197.06723
46,0.2,men,30303.90774
46,0.25,men,32400.80218
46,0.3,men,34471.77953
46,0.35,men,36502.2432
46,0.4,men,38479.29112
46,0.45,men,40391.92428
46,0.5,men,42231.14656
46,0.55,men,43989.96633
46,0.6,men,45663.31621
46,0.65,men,47247.91003
46,0.7,men,48742.05666
46,0.75,men,50145.44881
46,0.8,men,51458.94251
46,0.85,men,52684.33976
46,0.9,men,53824.18332
46,0.95,men,54881.56998
46,1,men,55859.98554
47,0,men,21896.27502
47,0.05,men,23947.32542
47,0.1,men,26044.46933
47,0.15,men,28170.45287
47,0.2,men,30307.76026
47,0.25,men,32439.18661
47,0.3,men,34548.363
47,0.35,men,36620.20292
47,0.4,men,38641.24893
47,0.45,men,40599.90934
47,0.5,men,42486.58487
47,0.55,men,44293.69437
47,0.6,men,46015.61431
47,0.65,men,47648.55078
47,0.7,men,49190.36324
47,0.75,men,50640.35881
47,0.8,men,51999.07321
47,0.85,men,53268.05172
47,0.9,men,54449.64004
47,0.95,men,55546.79194
47,1,men,56562.89786
48,0,men,21692.52069
48,0.05,men,23754.03972
48,0.1,men,25866.84082
48,0.15,men,28013.78047
48,0.2,men,30177.28834
48,0.25,men,32339.94362
48,0.3,men,34485.01423
48,0.35,men,36596.92609
48,0.4,men,38661.6386
48,0.45,men,40666.9132
48,0.5,men,42602.47202
48,0.55,men,44460.05327
48,0.6,men,46233.37624
48,0.65,men,47918.03352
48,0.7,men,49511.32945
48,0.75,men,51012.08356
48,0.8,men,52420.41586
48,0.85,men,53737.52806
48,0.9,men,54965.49154
48,0.95,men,56107.04996
48,1,men,57165.44132
49,0,men,21083.2443
49,0.05,men,23119.49618
49,0.1,men,25212.02211
49,0.15,men,27344.16446
49,0.2,men,29498.66013
49,0.25,men,31658.20665
49,0.3,men,33806.00395
49,0.35,men,35926.23815
49,0.4,men,38004.48104
49,0.45,men,40027.9891
49,0.5,men,41985.89588
49,0.55,men,43869.30116
49,0.6,men,45671.26732
49,0.65,men,47386.73876
49,0.7,men,49012.40213
49,0.75,men,50546.50601
49,0.8,men,51988.65693
49,0.85,men,53339.60649
49,0.9,men,54601.04116
49,0.95,men,55775.38354
49,1,men,56865.61079
50,0,men,18120.86401
50,0.05,men,19902.20168
50,0.1,men,21738.28741
50,0.15,men,23614.87366
50,0.2,men,25517.00578
50,0.25,men,27429.50961
50,0.3,men,29337.47048
50,0.35,men,31226.6726
50,0.4,men,33083.97403
50,0.45,men,34897.59989
50,0.5,men,36657.34542
50,0.55,men,38354.68854
50,0.6,men,39982.81873
50,0.65,men,41536.59403
50,0.7,men,43012.44072
50,0.75,men,44408.21154
50,0.8,men,45723.01753
50,0.85,men,46957.04678
50,0.9,men,48111.38148
50,0.95,men,49187.82136
50,1,men,50188.71999
51,0,men,17921.76827
51,0.05,men,19717.24647
51,0.1,men,21574.03314
51,0.15,men,23478.1932
51,0.2,men,25414.88687
51,0.25,men,27368.84775
51,0.3,men,29324.86579
51,0.35,men,31268.24358
51,0.4,men,33185.19879
51,0.45,men,35063.1926
51,0.5,men,36891.17197
51,0.55,men,38659.72207
51,0.6,men,40361.13256
51,0.65,men,41989.3873
51,0.7,men,43540.09053
51,0.75,men,45010.34477
51,0.8,men,46398.59561
51,0.85,men,47704.45733
51,0.9,men,48928.53139
51,0.95,men,50072.22741
51,1,men,51137.5937
52,0,men,17374.59329
52,0.05,men,19150.41484
52,0.1,men,20993.43755
52,0.15,men,22890.40995
52,0.2,men,24826.98774
52,0.25,men,26788.18639
52,0.3,men,28758.85287
52,0.35,men,30724.1254
52,0.4,men,32669.85302
52,0.45,men,34582.95213
52,0.5,men,36451.68478
52,0.55,men,38265.85118
52,0.6,men,40016.89659
52,0.65,men,41697.9391
52,0.7,men,43303.72928
52,0.75,men,44830.55544
52,0.8,men,46276.10898
52,0.85,men,47639.32414
52,0.9,men,48920.20453
52,0.95,men,50119.64703
52,1,men,51239.27118
53,0,men,16989.83131
53,0.05,men,18762.8049
53,0.1,men,20609.86866
53,0.15,men,22518.44396
53,0.2,men,24474.66072
53,0.25,men,26463.78143
53,0.3,men,28470.6586
53,0.35,men,30480.19576
53,0.4,men,32477.78298
53,0.45,men,34449.68209
53,0.5,men,36383.3428
53,0.55,men,38267.63853
53,0.6,men,40093.01828
53,0.65,men,41851.57742
53,0.7,men,43537.05587
53,0.75,men,45144.77539
53,0.8,men,46671.52984
53,0.85,men,48115.44228
53,0.9,men,49475.80197
53,0.95,men,50752.89266
53,1,men,51947.82137
54,0,men,16267.8932
54,0.05,men,18002.10816
54,0.1,men,19816.00296
54,0.15,men,21698.0384
54,0.2,men,23635.21989
54,0.25,men,25613.47679
54,0.3,men,27618.08825
54,0.35,men,29634.12809
54,0.4,men,31646.90044
54,0.45,men,33642.34043
54,0.5,men,35607.35867
54,0.55,men,37530.11494
54,0.6,men,39400.21337
54,0.65,men,41208.81821
54,0.7,men,42948.69532
54,0.75,men,44614.18835
54,0.8,men,46201.14177
54,0.85,men,47706.78377
54,0.9,men,49129.58193
54,0.95,men,50469.08344
54,1,men,51725.74989
55,0,men,15714.99415
55,0.05,men,17426.82365
55,0.1,men,19224.70625
55,0.15,men,21098.1365
55,0.2,men,23034.99311
55,0.25,men,25021.87054
55,0.3,men,27044.469
55,0.35,men,29088.01831
55,0.4,men,31137.7091
55,0.45,men,33179.10506
55,0.5,men,35198.51335
55,0.55,men,37183.29531
55,0.6,men,39122.10599
55,0.65,men,41005.05762
55,0.7,men,42823.80812
55,0.75,men,44571.58093
55,0.8,men,46243.12572
55,0.85,men,47834.63194
55,0.9,men,49343.60736
55,0.95,men,50768.73383
55,1,men,52109.7107
56,0,men,15335.2197
56,0.05,men,17042.14998
56,0.1,men,18842.47045
56,0.15,men,20726.7182
56,0.2,men,22683.6577
56,0.25,men,24700.5614
56,0.3,men,26763.55922
56,0.35,men,28858.03594
56,0.4,men,30969.05221
56,0.45,men,33081.76347
56,0.5,men,35181.81256
56,0.55,men,37255.67571
56,0.6,men,39290.94671
56,0.65,men,41276.55016
56,0.7,men,43202.88118
56,0.75,men,45061.87387
56,0.8,men,46847.00571
56,0.85,men,48553.24751
56,0.9,men,50176.97059
56,0.95,men,51715.82283
56,1,men,53168.58473
57,0,men,14638.7659
57,0.05,men,16303.35867
57,0.1,men,18066.53347
57,0.15,men,19920.17194
57,0.2,men,21854.29294
57,0.25,men,23857.27151
57,0.3,men,25916.13281
57,0.35,men,28016.90499
57,0.4,men,30145.01014
57,0.45,men,32285.66986
57,0.5,men,34424.30173
57,0.55,men,36546.88506
57,0.6,men,38640.27805
57,0.65,men,40692.47394
57,0.7,men,42692.78905
57,0.75,men,44631.98151
57,0.8,men,46502.30404
57,0.85,men,48297.49785
57,0.9,men,50012.73722
57,0.95,men,51644.53554
57,1,men,53190.62373
58,0,men,14132.78815
58,0.05,men,15773.78677
58,0.1,men,17519.39702
58,0.15,men,19362.82081
58,0.2,men,21295.32014
58,0.25,men,23306.37468
58,0.3,men,25383.9183
58,0.35,men,27514.6432
58,0.4,men,29684.35489
58,0.45,men,31878.35744
58,0.5,men,34081.84659
58,0.55,men,36280.28879
58,0.6,men,38459.76648
58,0.65,men,40607.27409
58,0.7,men,42710.95396
58,0.75,men,44760.26682
58,0.8,men,46746.09642
58,0.85,men,48660.79226
58,0.9,men,50498.15728
58,0.95,men,52253.38996
58,1,men,53922.99073
59,0,men,13578.23663
59,0.05,men,15187.06667
59,0.1,men,16905.67884
59,0.15,men,18728.68456
59,0.2,men,20648.72421
59,0.25,men,22656.56235
59,0.3,men,24741.2622
59,0.35,men,26890.43282
59,0.4,men,29090.53676
59,0.45,men,31327.24153
59,0.5,men,33585.79484
59,0.55,men,35851.40279
59,0.6,men,38109.59073
59,0.65,men,40346.52917
59,0.7,men,42549.31077
59,0.75,men,44706.16953
59,0.8,men,46806.63756
59,0.85,men,48841.63978
59,0.9,men,50803.53054
59,0.95,men,52686.07885
59,1,men,54484.41091
60,0,men,11560.5755
60,0.05,men,12957.15124
60,0.1,men,14455.17047
60,0.15,men,16051.12938
60,0.2,men,17739.78354
60,0.25,men,19514.17923
60,0.3,men,21365.75242
60,0.35,men,23284.49367
60,0.4,men,25259.17222
60,0.45,men,27277.60812
60,0.5,men,29326.978
60,0.55,men,31394.13764
60,0.6,men,33465.944
60,0.65,men,35529.56039
60,0.7,men,37572.7305
60,0.75,men,39584.01041
60,0.8,men,41552.95155
60,0.85,men,43470.23123
60,0.9,men,45327.73138
60,0.95,men,47118.56865
60,1,men,48837.08178
61,0,men,11016.16694
61,0.05,men,12371.67161
61,0.1,men,13831.41631
61,0.15,men,15393.18488
61,0.2,men,17053.07329
61,0.25,men,18805.47211
61,0.3,men,20643.11129
61,0.35,men,22557.16878
61,0.4,men,24537.44022
61,0.45,men,26572.56254
61,0.5,men,28650.28073
61,0.55,men,30757.74368
61,0.6,men,32881.81355
61,0.65,men,35009.37286
61,0.7,men,37127.61405
61,0.75,men,39224.29909
61,0.8,men,41287.97905
61,0.85,men,43308.16756
61,0.9,men,45275.4651
61,0.95,men,47181.63486
61,1,men,49019.63296
62,0,men,10455.08223
62,0.05,men,11763.96347
62,0.1,men,13178.84636
62,0.15,men,14698.75864
62,0.2,men,16321.12804
62,0.25,men,18041.72272
62,0.3,men,19854.64653
62,0.35,men,21752.39339
62,0.4,men,23725.96129
62,0.45,men,25765.02265
62,0.5,men,27858.1438
62,0.55,men,29993.04318
62,0.6,men,32156.87513
62,0.65,men,34336.52489
62,0.7,men,36518.9003
62,0.75,men,38691.2066
62,0.8,men,40841.19272
62,0.85,men,42957.36031
62,0.9,men,45029.12975
62,0.95,men,47046.96049
62,1,men,49002.42606
63,0,men,10134.81103
63,0.05,men,11424.16356
63,0.1,men,12822.92605
63,0.15,men,14331.29413
63,0.2,men,15947.94216
63,0.25,men,17669.92743
63,0.3,men,19492.64173
63,0.35,men,21409.81641
63,0.4,men,23413.58441
63,0.45,men,25494.59902
63,0.5,men,27642.20575
63,0.55,men,29844.66012
63,0.6,men,32089.38122
63,0.65,men,34363.2287
63,0.7,men,36652.7897
63,0.75,men,38944.66221
63,0.8,men,41225.72213
63,0.85,men,43483.36343
63,0.9,men,45705.70314
63,0.95,men,47881.74554
63,1,men,50001.50327
64,0,men,9576.281488
64,0.05,men,10812.78565
64,0.1,men,12158.69889
64,0.15,men,13615.29878
64,0.2,men,15182.47768
64,0.25,men,16858.6208
64,0.3,men,18640.52235
64,0.35,men,20523.34718
64,0.4,men,22500.643
64,0.45,men,24564.40588
64,0.5,men,26705.19822
64,0.55,men,28912.31561
64,0.6,men,31173.99572
64,0.65,men,33477.65966
64,0.7,men,35810.17472
64,0.75,men,38158.1261
64,0.8,men,40508.08541
64,0.85,men,42846.86446
64,0.9,men,45161.74461
64,0.95,men,47440.67405
64,1,men,49672.42787
65,0,men,6402.032589
65,0.05,men,7239.968308
65,0.1,men,8154.863206
65,0.15,men,9148.2988
65,0.2,men,10220.97926
65,0.25,men,11372.63237
65,0.3,men,12601.93116
65,0.35,men,13906.44178
65,0.4,men,15282.60187
65,0.45,men,16725.73268
65,0.5,men,18230.08629
65,0.55,men,19788.92714
65,0.6,men,21394.64551
65,0.65,men,23038.89819
65,0.7,men,24712.77037
65,0.75,men,26406.95149
65,0.8,men,28111.91712
65,0.85,men,29818.10914
65,0.9,men,31516.1067
65,0.95,men,33196.78182
65,1,men,34851.43452
66,0,men,6075.598225
66,0.05,men,6880.664991
66,0.1,men,7762.154633
66,0.15,men,8722.242432
66,0.2,men,9762.327538
66,0.25,men,10882.9259
66,0.3,men,12083.57826
66,0.35,men,13362.77849
66,0.4,men,14717.92715
66,0.45,men,16145.31416
66,0.5,men,17640.13315
66,0.55,men,19196.52848
66,0.6,men,20807.67437
66,0.65,men,22465.88337
66,0.7,men,24162.7402
66,0.75,men,25889.25531
66,0.8,men,27636.03154
66,0.85,men,29393.43687
66,0.9,men,31151.77606
66,0.95,men,32901.4545
66,1,men,34633.12845
67,0,men,5998.365873
67,0.05,men,6802.071206
67,0.1,men,7684.321511
67,0.15,men,8647.903279
67,0.2,men,9694.899621
67,0.25,men,10826.57508
67,0.3,men,12043.27089
67,0.35,men,13344.31592
67,0.4,men,14727.95827
67,0.45,men,16191.32199
67,0.5,men,17730.39243
67,0.55,men,19340.0325
67,0.6,men,21014.03066
67,0.65,men,22745.17987
67,0.7,men,24525.38493
67,0.75,men,26345.79432
67,0.8,men,28196.95132
67,0.85,men,30068.95811
67,0.9,men,31951.64635
67,0.95,men,33834.74737
67,1,men,35708.05579
68,0,men,5754.61231
68,0.05,men,6533.358701
68,0.1,men,7390.17421
68,0.15,men,8328.310386
68,0.2,men,9350.408265
68,0.25,men,10458.38172
68,0.3,men,11653.30699
68,0.35,men,12935.32317
68,0.4,men,14303.54829
68,0.45,men,15756.01578
68,0.5,men,17289.63496
68,0.55,men,18900.17897
68,0.6,men,20582.30188
68,0.65,men,22329.5857
68,0.7,men,24134.61645
68,0.75,men,25989.08691
68,0.8,men,27883.9226
68,0.85,men,29809.42594
68,0.9,men,31755.43326
68,0.95,men,33711.4784
68,1,men,35666.95694
69,0,men,5570.869761
69,0.05,men,6331.449996
69,0.1,men,7169.989312
69,0.15,men,8090.155548
69,0.2,men,9095.088976
69,0.25,men,10187.28591
69,0.3,men,11368.48503
69,0.35,men,12639.56056
69,0.4,men,14000.42683
69,0.45,men,15449.95859
69,0.5,men,16985.93121
69,0.55,men,18604.98429
69,0.6,men,20302.6116
69,0.65,men,22073.17883
69,0.7,men,23909.96978
69,0.75,men,25805.26014
69,0.8,men,27750.41663
69,0.85,men,29736.01822
69,0.9,men,31751.99512
69,0.95,men,33787.78034
69,1,men,35832.46828
70,0,men,5472.913804
70,0.05,men,6225.9998
70,0.1,men,7057.7769
70,0.15,men,7972.31651
70,0.2,men,8973.233115
70,0.25,men,10063.5685
70,0.3,men,11245.67582
70,0.35,men,12521.10729
70,0.4,men,13890.50955
70,0.45,men,15353.5308
70,0.5,men,16908.74403
70,0.55,men,18553.59001
70,0.6,men,20284.34328
70,0.65,men,22096.10381
70,0.7,men,23982.81564
70,0.75,men,25937.31292
70,0.8,men,27951.39258
70,0.85,men,30015.91155
70,0.9,men,32120.90547
70,0.95,men,34255.72486
70,1,men,36409.18394
71,0,men,4941.218731
71,0.05,men,5625.862841
71,0.1,men,6383.245877
71,0.15,men,7217.425941
71,0.2,men,8132.101594
71,0.25,men,9130.507332
71,0.3,men,10215.30687
71,0.35,men,11388.48722
71,0.4,men,12651.25685
71,0.45,men,14003.95159
71,0.5,men,15445.95187
71,0.55,men,16975.61475
71,0.6,men,18590.22423
71,0.65,men,20285.96229
71,0.7,men,22057.9029
71,0.75,men,23900.03014
71,0.8,men,25805.28073
71,0.85,men,27765.61018
71,0.9,men,29772.08085
71,0.95,men,31814.96929
71,1,men,33883.88946
72,0,men,4689.067786
72,0.05,men,5342.745251
72,0.1,men,6066.873008
72,0.15,men,6865.62655
72,0.2,men,7742.887091
72,0.25,men,8702.14327
72,0.3,men,9746.389165
72,0.35,men,10878.0211
72,0.4,men,12098.73608
72,0.45,men,13409.43497
72,0.5,men,14810.13376
72,0.55,men,16299.8862
72,0.6,men,17876.72099
72,0.65,men,19537.59651
72,0.7,men,21278.37535
72,0.75,men,23093.82057
72,0.8,men,24977.6146
72,0.85,men,26922.40113
72,0.9,men,28919.84902
72,0.95,men,30960.737
72,1,men,33035.05653
73,0,men,4541.889702
73,0.05,men,5178.45308
73,0.1,men,5884.471177
73,0.15,men,6664.266939
73,0.2,men,7521.919794
73,0.25,men,8461.171836
73,0.3,men,9485.329201
73,0.35,men,10597.1607
73,0.4,men,11798.79618
73,0.45,men,13091.62737
73,0.5,men,14476.21416
73,0.55,men,15952.19956
73,0.6,men,17518.23626
73,0.65,men,19171.92785
73,0.7,men,20909.7873
73,0.75,men,22727.21483
73,0.8,men,24618.49688
73,0.85,men,26576.8269
73,0.9,men,28594.34817
73,0.95,men,30662.21808
73,1,men,32770.69218
74,0,men,4547.928561
74,0.05,men,5188.353101
74,0.1,men,5899.394875
74,0.15,men,6685.62783
74,0.2,men,7551.419406
74,0.25,men,8500.838272
74,0.3,men,9537.556262
74,0.35,men,10664.74631
74,0.4,men,11884.97855
74,0.45,men,13200.11711
74,0.5,men,14611.22039
74,0.55,men,16118.44771
74,0.6,men,17720.97548
74,0.65,men,19416.92577
74,0.7,men,21203.31014
74,0.75,men,23075.99118
74,0.8,men,25029.66381
74,0.85,men,27057.85777
74,0.9,men,29152.96207
74,0.95,men,31306.27156
74,1,men,33508.05483
75,0,men,4132.414984
75,0.05,men,4716.75553
75,0.1,men,5366.115265
75,0.15,men,6084.845109
75,0.2,men,6877.138357
75,0.25,men,7746.948456
75,0.3,men,8697.900793
75,0.35,men,9733.199935
75,0.4,men,10855.53406
75,0.45,men,12066.97864
75,0.5,men,13368.90175
75,0.55,men,14761.87343
75,0.6,men,16245.5819
75,0.65,men,17818.7592
75,0.7,men,19479.11891
75,0.75,men,21223.30841
75,0.8,men,23046.87774
75,0.85,men,24944.26677
75,0.9,men,26908.81198
75,0.95,men,28932.77335
75,1,men,31007.38141
76,0,men,4565.541059
76,0.05,men,5213.511543
76,0.1,men,5934.14475
76,0.15,men,6732.435198
76,0.2,men,7613.232268
76,0.25,men,8581.151076
76,0.3,men,9640.476139
76,0.35,men,10795.05918
76,0.4,men,12048.21285
76,0.45,men,13402.60229
76,0.5,men,14860.13716
76,0.55,men,16421.86645
76,0.6,men,18087.87913
76,0.65,men,19857.21347
76,0.7,men,21727.77782
76,0.75,men,23696.28584
76,0.8,men,25758.20859
76,0.85,men,27907.74573
76,0.9,men,30137.8175
76,0.95,men,32440.07892
76,1,men,34804.95645
77,0,men,4470.461281
77,0.05,men,5107.023447
77,0.1,men,5815.449998
77,0.15,men,6600.791237
77,0.2,men,7467.979967
77,0.25,men,8421.745775
77,0.3,men,9466.521791
77,0.35,men,10606.34508
77,0.4,men,11844.75217
77,0.45,men,13184.67163
77,0.5,men,14628.31565
77,0.55,men,16177.07333
77,0.6,men,17831.40802
77,0.65,men,19590.76166
77,0.7,men,21453.46884
77,0.75,men,23416.68348
77,0.8,men,25476.32059
77,0.85,men,27627.01565
77,0.9,men,29862.1036
77,0.95,men,32173.6189
77,1,men,34552.31789
78,0,men,4635.064822
78,0.05,men,5297.010995
78,0.1,men,6034.123707
78,0.15,men,6851.783505
78,0.2,men,7755.271091
78,0.25,men,8749.679875
78,0.3,men,9839.820345
78,0.35,men,11030.11731
78,0.4,men,12324.50142
78,0.45,men,13726.29675
78,0.5,men,15238.10642
78,0.55,men,16861.69876
78,0.6,men,18597.89644
78,0.65,men,20446.4715
78,0.7,men,22406.04907
78,0.75,men,24474.02276
78,0.8,men,26646.48441
78,0.85,men,28918.171
78,0.9,men,31282.43094
78,0.95,men,33731.21176
78,1,men,36255.07063
79,0,men,3578.138294
79,0.05,men,4090.504071
79,0.1,men,4661.347586
79,0.15,men,5294.919806
79,0.2,men,5995.409178
79,0.25,men,6766.875076
79,0.3,men,7613.174681
79,0.35,men,8537.884033
79,0.4,men,9544.214249
79,0.45,men,10634.92413
79,0.5,men,11812.23068
79,0.55,men,13077.71923
79,0.6,men,14432.25513
79,0.65,men,15875.89899
79,0.7,men,17407.82787
79,0.75,men,19026.26433
79,0.8,men,20728.41593
79,0.85,men,22510.42702
79,0.9,men,24367.34486
79,0.95,men,26293.10189
79,1,men,28280.51528
80,0,men,4113.441058
80,0.05,men,4703.891938
80,0.1,men,5362.035247
80,0.15,men,6092.856262
80,0.2,men,6901.282738
80,0.25,men,7792.109317
80,0.3,men,8769.914149
80,0.35,men,9838.968514
80,0.4,men,11003.14046
80,0.45,men,12265.79384
80,0.5,men,13629.68423
80,0.55,men,15096.85389
80,0.6,men,16668.52749
80,0.65,men,18345.01135
80,0.7,men,20125.59834
80,0.75,men,22008.48116
80,0.8,men,23990.67659
80,0.85,men,26067.96314
80,0.9,men,28234.83446
80,0.95,men,30484.47083
80,1,men,32808.73025
81,0,men,3129.925895
81,0.05,men,3580.209339
81,0.1,men,4082.321989
81,0.15,men,4640.123456
81,0.2,men,5257.438968
81,0.25,men,5938.002427
81,0.3,men,6685.393382
81,0.35,men,7502.968491
81,0.4,men,8393.788165
81,0.45,men,9360.539381
81,0.5,men,10405.45581
81,0.55,men,11530.23666
81,0.6,men,12735.96571
81,0.65,men,14023.03246
81,0.7,men,15391.05695
81,0.75,men,16838.82049
81,0.8,men,18364.20405
81,0.85,men,19964.1364
81,0.9,men,21634.5538
81,0.95,men,23370.37296
81,1,men,25165.4789
82,0,men,4729.099933
82,0.05,men,5410.86928
82,0.1,men,6171.395062
82,0.15,men,7016.598523
82,0.2,men,7952.361224
82,0.25,men,8984.43968
82,0.3,men,10118.37064
82,0.35,men,11359.36777
82,0.4,men,12712.21071
82,0.45,men,14181.12804
82,0.5,men,15769.67554
82,0.55,men,17480.61211
82,0.6,men,19315.77536
82,0.65,men,21275.95954
82,0.7,men,23360.79853
82,0.75,men,25568.65686
82,0.8,men,27896.53168
82,0.85,men,30339.96876
82,0.9,men,32892.99524
82,0.95,men,35548.07223
82,1,men,38296.06925
83,0,men,3547.236327
83,0.05,men,4059.629026
83,0.1,men,4631.406298
83,0.15,men,5267.070457
83,0.2,men,5971.102067
83,0.25,men,6747.896313
83,0.3,men,7601.692235
83,0.35,men,8536.495336
83,0.4,men,9555.994296
83,0.45,men,10663.47278
83,0.5,men,11861.71754
83,0.55,men,13152.92431
83,0.6,men,14538.60309
83,0.65,men,16019.48477
83,0.7,men,17595.43118
83,0.75,men,19265.35052
83,0.8,men,21027.12075
83,0.85,men,22877.52292
83,0.9,men,24812.18683
83,0.95,men,26825.55113
83,1,men,28910.83975
84,0,men,2641.851967
84,0.05,men,3024.177027
84,0.1,men,3450.946393
84,0.15,men,3925.554767
84,0.2,men,4451.385913
84,0.25,men,5031.765499
84,0.3,men,5669.908537
84,0.35,men,6368.861784
84,0.4,men,7131.441613
84,0.45,men,7960.168072
84,0.5,men,8857.195991
84,0.55,men,9824.244211
84,0.6,men,10862.52415
84,0.65,men,11972.66908
84,0.7,men,13154.66563
84,0.75,men,14407.78914
84,0.8,men,15730.54451
84,0.85,men,17120.61431
84,0.9,men,18574.81574
84,0.95,men,20089.06824
84,1,men,21658.37308
85,0,men,1953.625676
85,0.05,men,2236.858557
85,0.1,men,2553.109633
85,0.15,men,2904.917772
85,0.2,men,3294.817226
85,0.25,men,3725.302885
85,0.3,men,4198.79148
85,0.35,men,4717.578986
85,0.4,men,5283.794588
85,0.45,men,5899.35172
85,0.5,men,6565.896804
85,0.55,men,7284.75645
85,0.6,men,8056.884023
85,0.65,men,8882.806567
85,0.7,men,9762.573206
85,0.75,men,10695.7062
85,0.8,men,11681.15591
85,0.85,men,12717.26097
85,0.9,men,13801.71482
85,0.95,men,14931.54008
85,1,men,16103.07158
86,0,men,1434.481866
86,0.05,men,1642.810594
86,0.1,men,1875.490361
86,0.15,men,2134.405052
86,0.2,men,2421.437469
86,0.25,men,2738.443894
86,0.3,men,3087.225621
86,0.35,men,3469.497667
86,0.4,men,3886.854887
86,0.45,men,4340.735876
86,0.5,men,4832.385099
86,0.55,men,5362.813813
86,0.6,men,5932.760408
86,0.65,men,6542.650925
86,0.7,men,7192.56054
86,0.75,men,7882.176886
86,0.8,men,8610.76615
86,0.85,men,9377.142861
86,0.9,men,10179.64434
86,0.95,men,11016.11069
86,1,men,11883.87129
87,0,men,1045.862666
87,0.05,men,1198.008505
87,0.1,men,1367.983651
87,0.15,men,1557.17526
87,0.2,men,1766.971251
87,0.25,men,1998.741787
87,0.3,men,2253.818536
87,0.35,men,2533.471826
87,0.4,men,2838.885875
87,0.45,men,3171.132365
87,0.5,men,3531.142666
87,0.55,men,3919.679121
87,0.6,men,4337.305856
87,0.65,men,4784.359637
87,0.7,men,5260.921373
87,0.75,men,5766.788892
87,0.8,men,6301.451665
87,0.85,men,6864.068171
87,0.9,men,7453.446591
87,0.95,men,8068.029526
87,1,men,8705.883381
88,0,men,757.1538949
88,0.05,men,867.4817128
88,0.1,men,990.7701149
88,0.15,men,1128.032826
88,0.2,men,1280.285167
88,0.25,men,1448.530668
88,0.3,men,1633.746054
88,0.35,men,1836.864678
88,0.4,men,2058.75854
88,0.45,men,2300.219069
88,0.5,men,2561.936904
88,0.55,men,2844.480946
88,0.6,men,3148.27703
88,0.65,men,3473.586596
88,0.7,men,3820.485771
88,0.75,men,4188.84534
88,0.8,men,4578.312081
88,0.85,men,4988.291972
88,0.9,men,5417.935784
88,0.95,men,5866.127549
88,1,men,6331.476398
89,0,men,544.2854414
89,0.05,men,623.723892
89,0.1,men,712.516486
89,0.15,men,811.3985608
89,0.2,men,921.1073136
89,0.25,men,1042.372186
89,0.3,men,1175.904064
89,0.35,men,1322.383349
89,0.4,men,1482.446991
89,0.45,men,1656.674615
89,0.5,men,1845.5739
89,0.55,men,2049.565413
89,0.6,men,2268.967146
89,0.65,men,2503.979013
89,0.7,men,2754.66763
89,0.75,men,3020.951696
89,0.8,men,3302.588332
89,0.85,men,3599.160742
89,0.9,men,3910.067564
89,0.95,men,4234.514283
89,1,men,4571.507048
90,0,men,388.5123125
90,0.05,men,445.3063254
90,0.1,men,508.803586
90,0.15,men,579.5335935
90,0.2,men,658.0276617
90,0.25,men,744.8120592
90,0.3,men,840.4002939
90,0.35,men,945.2845806
90,0.4,men,1059.926557
90,0.45,men,1184.747334
90,0.5,men,1320.117001
90,0.55,men,1466.343728
90,0.6,men,1623.662625
90,0.65,men,1792.224575
90,0.7,men,1972.085234
90,0.75,men,2163.194449
90,0.8,men,2365.386343
90,0.85,men,2578.370328
90,0.9,men,2801.723313
90,0.95,men,3034.883371
90,1,men,3277.14512
91,0,men,275.3723058
91,0.05,men,315.6908147
91,0.1,men,360.7788798
91,0.15,men,411.0150184
91,0.2,men,466.7793689
91,0.25,men,528.4488295
91,0.3,men,596.391584
91,0.35,men,670.9610415
91,0.4,men,752.4892334
91,0.45,men,841.2797306
91,0.5,men,937.600162
91,0.55,men,1041.674436
91,0.6,men,1153.674784
91,0.65,men,1273.71376
91,0.7,men,1401.836365
91,0.75,men,1538.012437
91,0.8,men,1682.129519
91,0.85,men,1833.986362
91,0.9,men,1993.287281
91,0.95,men,2159.637523
91,1,men,2332.53986
92,0,men,193.8092891
92,0.05,men,222.2303044
92,0.1,men,254.0210064
92,0.15,men,289.4500353
92,0.2,men,328.7874025
92,0.25,men,372.3010699
92,0.3,men,420.2530924
92,0.35,men,472.8953428
92,0.4,men,530.4648487
92,0.45,men,593.1787851
92,0.5,men,661.2291798
92,0.55,men,734.7774011
92,0.6,men,813.9485126
92,0.65,men,898.8255921
92,0.7,men,989.4441217
92,0.75,men,1085.78657
92,0.8,men,1187.777293
92,0.85,men,1295.27788
92,0.9,men,1408.083093
92,0.95,men,1525.91752
92,1,men,1648.433079
93,0,men,135.4468362
93,0.05,men,155.3402948
93,0.1,men,177.5976336
93,0.15,men,202.4081473
93,0.2,men,229.9622478
93,0.25,men,260.4490731
93,0.3,men,294.0537881
93,0.35,men,330.9545902
93,0.4,men,371.3194388
93,0.45,men,415.3025405
93,0.5,men,463.0406275
93,0.55,men,514.6490803
93,0.6,men,570.2179507
93,0.65,men,629.8079552
93,0.7,men,693.4465126
93,0.75,men,761.1239106
93,0.8,men,832.7896896
93,0.85,men,908.3493371
93,0.9,men,987.6613875
93,0.95,men,1070.535024
93,1,men,1156.72827
94,0,men,93.99481872
94,0.05,men,107.8215124
94,0.1,men,123.2948134
94,0.15,men,140.5471563
94,0.2,men,159.7118599
94,0.25,men,180.9214681
94,0.3,men,204.3058744
94,0.35,men,229.9902384
94,0.4,men,258.0927088
94,0.45,men,288.721973
94,0.5,men,321.9746605
94,0.55,men,357.932634
94,0.6,men,396.6602084
94,0.65,men,438.201345
94,0.7,men,482.5768733
94,0.75,men,529.7817983
94,0.8,men,579.7827563
94,0.85,men,632.5156824
94,0.9,men,687.8837582
94,0.95,men,745.7557052
94,1,men,805.964489
95,0,men,64.77096233
95,0.05,men,74.3135256
95,0.1,men,84.994991
95,0.15,men,96.90735434
95,0.2,men,110.1432959
95,0.25,men,124.7950368
95,0.3,men,140.9530446
95,0.35,men,158.7045944
95,0.4,men,178.1321944
95,0.45,men,199.3118897
95,0.5,men,222.311463
95,0.55,men,247.1885559
95,0.6,men,273.9887378
95,0.65,men,302.7435552
95,0.7,men,333.4685977
95,0.75,men,366.1616207
95,0.8,men,400.8007678
95,0.85,men,437.3429381
95,0.9,men,475.7223445
95,0.95,men,515.8493096
95,1,men,557.6093434
96,0,men,44.31988474
96,0.05,men,50.85948782
96,0.1,men,58.18128909
96,0.15,men,66.34874084
96,0.2,men,75.425815
96,0.25,men,85.47622033
96,0.3,men,96.56251579
96,0.35,men,108.7451234
96,0.4,men,122.0812471
96,0.45,men,136.6237071
96,0.5,men,152.4197022
96,0.55,men,169.5095155
96,0.6,men,187.9251831
96,0.65,men,207.689148
96,0.7,men,228.8129229
96,0.75,men,251.295791
96,0.8,men,275.1235734
96,0.85,men,300.2674943
96,0.9,men,326.6831759
96,0.95,men,354.3097954
96,1,men,383.0694344
97,0,men,30.11334943
97,0.05,men,34.56353454
97,0.1,men,39.54715645
97,0.15,men,45.10767056
97,0.2,men,51.28892023
97,0.25,men,58.13460483
97,0.3,men,65.68767648
97,0.35,men,73.98966775
97,0.4,men,83.07995456
97,0.45,men,92.99496067
97,0.5,men,103.767312
97,0.55,men,115.424952
97,0.6,men,127.9902298
97,0.65,men,141.4789779
97,0.7,men,155.8995946
97,0.75,men,171.2521512
97,0.8,men,187.5275432
97,0.85,men,204.7067077
97,0.9,men,222.7599277
97,0.95,men,241.6462463
97,1,men,261.3130118
98,0,men,20.31710914
98,0.05,men,23.32419361
98,0.1,men,26.69251
98,0.15,men,30.45160857
98,0.2,men,34.63132497
98,0.25,men,39.26142127
98,0.3,men,44.37117845
98,0.35,men,49.98894168
98,0.4,men,56.14162137
98,0.45,men,62.85415406
98,0.5,men,70.14892881
98,0.55,men,78.04518642
98,0.6,men,86.55839994
98,0.65,men,95.69964668
98,0.7,men,105.4749834
98,0.75,men,115.8848367
98,0.8,men,126.9234235
98,0.85,men,138.5782144
98,0.9,men,150.8294565
98,0.95,men,163.6497687
98,1,men,177.0038265
99,0,men,13.61154255
99,0.05,men,15.62923242
99,0.1,men,17.88982209
99,0.15,men,20.41326431
99,0.2,men,23.21971893
99,0.25,men,26.32931242
99,0.3,men,29.76186445
99,0.35,men,33.5365826
99,0.4,men,37.6717269
99,0.45,men,42.18424714
99,0.5,men,47.08939647
99,0.55,men,52.4003264
99,0.6,men,58.12766868
99,0.65,men,64.27911103
99,0.7,men,70.8589744
99,0.75,men,77.86780016
99,0.8,men,85.30195661
99,0.85,men,93.15327436
99,0.9,men,101.4087206
99,0.95,men,110.0501228
99,1,men,119.0539505
100,0,men,9.055146498
100,0.05,men,10.39947283
100,0.1,men,11.90598267
100,0.15,men,13.58805338
100,0.2,men,15.45921073
100,0.25,men,17.53296893
100,0.3,men,19.82264851
100,0.35,men,22.34117275
100,0.4,men,25.1008438
100,0.45,men,28.11310029
100,0.5,men,31.38825901
100,0.55,men,34.93524372
100,0.6,men,38.76130498
100,0.65,men,42.87173552
100,0.7,men,47.26958631
100,0.75,men,51.95538889
100,0.8,men,56.92689028
100,0.85,men,62.17880678
100,0.9,men,67.70260364
100,0.95,men,73.48630707
100,1,men,79.51435551
16,0,women,3806.362288
16,0.05,women,4276.190462
16,0.1,women,4786.530862
16,0.15,women,5338.183777
16,0.2,women,5931.553936
16,0.25,women,6566.60693
16,0.3,women,7242.832593
16,0.35,women,7959.217178
16,0.4,women,8714.225913
16,0.45,women,9505.797188
16,0.5,women,10331.34916
16,0.55,women,11187.79903
16,0.6,women,12071.59472
16,0.65,women,12978.75805
16,0.7,women,13904.93801
16,0.75,women,14845.4723
16,0.8,women,15795.45493
16,0.85,women,16749.80747
16,0.9,women,17703.35148
16,0.95,women,18650.87974
16,1,women,19587.22405
17,0,women,4064.622569
17,0.05,women,4562.57952
17,0.1,women,5102.455434
17,0.15,women,5684.833115
17,0.2,women,6309.850074
17,0.25,women,6977.156972
17,0.3,women,7685.885217
17,0.35,women,8434.62561
17,0.4,women,9221.419565
17,0.45,women,10043.76395
17,0.5,women,10898.62993
17,0.55,women,11782.49568
17,0.6,women,12691.39189
17,0.65,women,13620.95876
17,0.7,women,14566.51219
17,0.75,women,15523.11679
17,0.8,women,16485.66295
17,0.85,women,17448.94504
17,0.9,women,18407.73815
17,0.95,women,19356.87066
17,1,women,20291.29067
18,0,women,5206.988238
18,0.05,women,5839.366425
18,0.1,women,6523.510825
18,0.15,women,7259.791943
18,0.2,women,8047.983211
18,0.25,women,8887.215942
18,0.3,women,9775.9483
18,0.35,women,10711.95054
18,0.4,women,11692.30808
18,0.45,women,12713.44318
18,0.5,women,13771.15511
18,0.55,women,14860.67767
18,0.6,women,15976.75212
18,0.65,women,17113.7127
18,0.7,women,18265.58138
18,0.75,women,19426.16806
18,0.8,women,20589.17231
18,0.85,women,21748.28283
18,0.9,women,22897.27122
18,0.95,women,24030.07713
18,1,women,25140.88248
19,0,women,5601.749288
19,0.05,women,6275.332445
19,0.1,women,7002.304162
19,0.15,women,7782.634979
19,0.2,women,8615.62927
19,0.25,women,9499.887657
19,0.3,women,10433.28696
19,0.35,women,11412.97969
19,0.4,women,12435.41428
19,0.45,women,13496.37593
19,0.5,women,14591.04727
19,0.55,women,15714.08643
19,0.6,women,16859.71971
19,0.65,women,18021.8447
19,0.7,women,19194.13985
19,0.75,women,20370.17572
19,0.8,women,21543.52368
19,0.85,women,22707.85801
19,0.9,women,23857.04811
19,0.95,women,24985.23806
19,1,women,26086.91204
20,0,women,5860.714946
20,0.05,women,6557.576901
20,0.1,women,7307.673337
20,0.15,women,8110.509612
20,0.2,women,8964.876244
20,0.25,women,9868.823099
20,0.3,women,10819.6543
20,0.35,women,11813.94538
20,0.4,women,12847.58302
20,0.45,women,13915.82646
20,0.5,women,15013.38837
20,0.55,women,16134.53196
20,0.6,women,17273.18005
20,0.65,women,18423.03138
20,0.7,women,19577.6791
20,0.75,women,20730.72648
20,0.8,women,21875.89543
20,0.85,women,23007.12404
20,0.9,women,24118.65021
20,0.95,women,25205.07952
20,1,women,26261.43646
21,0,women,6313.450935
21,0.05,women,7054.842532
21,0.1,women,7850.554256
21,0.15,women,8699.54695
21,0.2,women,9600.001658
21,0.25,women,10549.30847
21,0.3,women,11544.07982
21,0.35,women,12580.18911
21,0.4,women,13652.83374
21,0.45,women,14756.62057
21,0.5,women,15885.67007
21,0.55,women,17033.73465
21,0.6,women,18194.32559
21,0.65,women,19360.84288
21,0.7,women,20526.70235
21,0.75,women,21685.45476
21,0.8,women,22830.89257
21,0.85,women,23957.14107
21,0.9,women,25058.73168
21,0.95,women,26130.65638
21,1,women,27168.40339
22,0,women,8347.297402
22,0.05,women,9314.206348
22,0.1,women,10348.71312
22,0.15,women,11448.78048
22,0.2,women,12611.3419
22,0.25,women,13832.31103
22,0.3,women,15106.62562
22,0.35,women,16428.32543
22,0.4,women,17790.66154
22,0.45,women,19186.2324
22,0.5,women,20607.1405
22,0.55,women,22045.16187
22,0.6,women,23491.92072
22,0.65,women,24939.06085
22,0.7,women,26378.40664
22,0.75,women,27802.10727
22,0.8,women,29202.75951
22,0.85,women,30573.50587
22,0.9,women,31908.10677
22,0.95,women,33200.98678
22,1,women,34447.25658
23,0,women,8920.909417
23,0.05,women,9939.064828
23,0.1,women,11024.777
23,0.15,women,12175.18222
23,0.2,women,13386.33544
23,0.25,women,14653.24784
23,0.3,women,15969.96242
23,0.35,women,17329.66509
23,0.4,women,18724.82688
23,0.45,women,20147.37023
23,0.5,women,21588.85147
23,0.55,women,23040.6501
23,0.6,women,24494.15591
23,0.65,women,25940.94535
23,0.7,women,27372.93987
23,0.75,women,28782.54071
23,0.8,women,30162.73645
23,0.85,women,31507.18165
23,0.9,women,32810.2467
23,0.95,women,34067.04046
23,1,women,35273.40863
24,0,women,9496.640171
24,0.05,women,10563.46573
24,0.1,women,11697.10347
24,0.15,women,12893.81374
24,0.2,women,14148.7438
24,0.25,women,15455.99787
24,0.3,women,16808.74714
24,0.35,women,18199.37557
24,0.4,women,19619.65439
24,0.45,women,21060.93636
24,0.5,women,22514.35973
24,0.55,women,23971.05165
24,0.6,women,25422.32112
24,0.65,women,26859.83305
24,0.7,women,28275.75698
24,0.75,women,29662.8859
24,0.8,women,31014.72323
24,0.85,women,32325.53785
24,0.9,women,33590.38898
24,0.95,women,34805.1241
24,1,women,35966.35394
25,0,women,10709.31612
25,0.05,women,11892.40676
25,0.1,women,13145.03788
25,0.15,women,14462.27281
25,0.2,women,15837.98236
25,0.25,women,17264.95676
25,0.3,women,18735.06119
25,0.35,women,20239.42718
25,0.4,women,21768.67013
25,0.45,women,23313.12118
25,0.5,women,24863.06105
25,0.55,women,26408.9441
25,0.6,women,27941.60205
25,0.65,women,29452.41914
25,0.7,women,30933.47309
25,0.75,women,32377.63885
25,0.8,women,33778.65497
25,0.85,women,35131.15441
25,0.9,women,36430.66354
25,0.95,women,37673.57398
25,1,women,38857.09287
26,0,women,11505.00757
26,0.05,women,12754.01508
26,0.1,women,14071.53491
26,0.15,women,15451.56792
26,0.2,women,16886.9199
26,0.25,women,18369.3556
26,0.3,women,19889.79564
26,0.35,women,21438.54613
26,0.4,women,23005.54804
26,0.45,women,24580.63271
26,0.5,women,26153.76982
26,0.55,women,27715.2953
26,0.6,women,29256.10946
26,0.65,women,30767.83803
26,0.7,women,32242.95232
26,0.75,women,33674.84756
26,0.8,women,35057.88134
26,0.85,women,36387.37599
26,0.9,women,37659.59019
26,0.95,women,38871.66598
26,1,women,40021.55747
27,0,women,12069.65804
27,0.05,women,13356.63484
27,0.1,women,14709.11965
27,0.15,women,16120.17892
27,0.2,women,17581.73204
27,0.25,women,19084.74495
27,0.3,women,20619.46339
27,0.35,women,22175.67253
27,0.4,women,23742.96818
27,0.45,women,25311.02429
27,0.5,women,26869.84261
27,0.55,women,28409.97266
27,0.6,women,29922.69332
27,0.65,women,31400.15072
27,0.7,women,32835.45085
27,0.75,women,34222.70823
27,0.8,women,35557.05453
27,0.85,women,36834.61285
27,0.9,women,38052.44424
27,0.95,women,39208.47348
27,1,women,40301.40076
28,0,women,12601.33181
28,0.05,women,13920.68945
28,0.1,women,15302.01848
28,0.15,women,16737.50991
28,0.2,women,18218.28122
28,0.25,women,19734.60761
28,0.3,women,21276.18758
28,0.35,women,22832.42706
28,0.4,women,24392.72552
28,0.45,women,25946.74791
28,0.5,women,27484.66867
28,0.55,women,28997.3769
28,0.6,women,30476.63584
28,0.65,women,31915.19376
28,0.7,women,33306.84678
28,0.75,women,34646.45733
28,0.8,women,35929.93406
28,0.85,women,37154.18033
28,0.9,women,38317.01877
28,0.95,women,39417.09954
28,1,women,40453.79895
29,0,women,13300.72793
29,0.05,women,14668.04597
29,0.1,women,16094.31432
29,0.15,women,17570.79217
29,0.2,women,19087.74492
29,0.25,women,20634.71387
29,0.3,women,22200.81354
29,0.35,women,23775.03872
29,0.4,women,25346.56301
29,0.45,women,26905.01235
29,0.5,women,28440.70044
29,0.55,women,29944.81671
29,0.6,women,31409.562
29,0.65,women,32828.23148
29,0.7,women,34195.24786
29,0.75,women,35506.15049
29,0.8,women,36757.54823
29,0.85,women,37947.04403
29,0.9,women,39073.13989
29,0.95,women,40135.12974
29,1,women,41132.98702
30,0,women,14538.87472
30,0.05,women,16006.65534
30,0.1,women,17532.23357
30,0.15,women,19105.61771
30,0.2,women,20715.88588
30,0.25,women,22351.50277
30,0.3,women,24000.65689
30,0.35,women,25651.59736
30,0.4,women,27292.95059
30,0.45,women,28913.9999
30,0.5,women,30504.91565
30,0.55,women,32056.92815
30,0.6,women,33562.44108
30,0.65,women,35015.08727
30,0.7,women,36409.73246
30,0.75,women,37742.43503
30,0.8,women,39010.37115
30,0.85,women,40211.73472
30,0.9,women,41345.62145
30,0.95,women,42411.90494
30,1,women,43411.11151
31,0,women,15157.75235
31,0.05,women,16661.2505
31,0.1,women,18218.5846
31,0.15,women,19818.98452
31,0.2,women,21450.87176
31,0.25,women,23102.20675
31,0.3,women,24760.84697
31,0.35,women,26414.89379
31,0.4,women,28053.00789
31,0.45,women,29664.67747
31,0.5,women,31240.42832
31,0.55,women,32771.97076
31,0.6,women,34252.28348
31,0.65,women,35675.63879
31,0.7,women,37037.57716
31,0.75,women,38334.84053
31,0.8,women,39565.27502
31,0.85,women,40727.71308
31,0.9,women,41821.8443
31,0.95,women,42848.08272
31,1,women,43807.43668
32,0,women,15945.21539
32,0.05,women,17500.2903
32,0.1,women,19105.81783
32,0.15,women,20750.19186
32,0.2,women,22421.11954
32,0.25,women,24105.99886
32,0.3,women,25792.29688
32,0.35,women,27467.90548
32,0.4,women,29121.45451
32,0.45,women,30742.56775
32,0.5,women,32322.05269
32,0.55,women,33852.02176
32,0.6,women,35325.9475
32,0.65,women,36738.65876
32,0.7,women,38086.28762
32,0.75,women,39366.17826
32,0.8,women,40576.76907
32,0.85,women,41717.4586
32,0.9,women,42788.46445
32,0.95,women,43790.6828
32,1,women,44725.5538
33,0,women,16433.85398
33,0.05,women,18011.24574
33,0.1,women,19634.89414
33,0.15,women,21292.63497
33,0.2,women,22971.75456
33,0.25,women,24659.38638
33,0.3,women,26342.89818
33,0.35,women,28010.24601
33,0.4,women,29650.27605
33,0.45,women,31252.9612
33,0.5,women,32809.56607
33,0.55,women,34312.74027
33,0.6,women,35756.5451
33,0.65,women,37136.42274
33,0.7,women,38449.11921
33,0.75,women,39692.57322
33,0.8,women,40865.78281
33,0.85,women,41968.66021
33,0.9,women,43001.88387
33,0.95,women,43966.75454
33,1,women,44865.06039
34,0,women,17086.22585
34,0.05,women,18702.28985
34,0.1,women,20361.151
34,0.15,women,22050.02089
34,0.2,women,23755.69026
34,0.25,women,25464.94515
34,0.3,women,27164.96332
34,0.35,women,28843.66743
34,0.4,women,30490.01662
34,0.45,women,32094.2255
34,0.5,women,33647.90622
34,0.55,women,35144.13614
34,0.6,women,36577.4584
34,0.65,women,37943.82638
34,0.7,women,39240.50481
34,0.75,women,40465.9403
34,0.8,women,41619.6138
34,0.85,women,42701.88516
34,0.9,women,43713.83861
34,0.95,women,44657.13536
34,1,women,45533.87785
35,0,women,17823.91211
35,0.05,women,19487.55714
35,0.1,women,21191.03746
35,0.15,women,22920.91985
35,0.2,women,24663.47198
35,0.25,women,26405.09715
35,0.3,women,28132.73968
35,0.35,women,29834.23709
35,0.4,women,31498.60209
35,0.45,women,33116.22498
35,0.5,women,34678.99446
35,0.55,women,36180.34156
35,0.6,women,37615.21628
35,0.65,women,38980.00951
35,0.7,women,40272.43408
35,0.75,women,41491.37889
35,0.8,women,42636.74832
35,0.85,women,43709.29749
35,0.9,women,44710.47161
35,0.95,women,45642.25529
35,1,women,46507.03576
36,0,women,18325.31903
36,0.05,women,20016.06625
36,0.1,women,21743.56209
36,0.15,women,23493.93978
36,0.2,women,25253.14962
36,0.25,women,27007.40457
36,0.3,women,28743.58779
36,0.35,women,30449.59875
36,0.4,women,32114.62224
36,0.45,women,33729.31274
36,0.5,women,35285.89418
36,0.55,women,36778.18206
36,0.6,women,38201.53894
36,0.65,women,39552.77736
36,0.7,women,40830.02507
36,0.75,women,42032.56646
36,0.8,women,43160.67291
36,0.85,women,44215.43208
36,0.9,women,45198.58405
36,0.95,women,46112.36978
36,1,women,46959.39509
37,0,women,18741.74656
37,0.05,women,20454.17394
37,0.1,women,22200.63337
37,0.15,women,23966.91125
37,0.2,women,25738.71355
37,0.25,women,27502.11922
37,0.3,women,29243.98774
37,0.35,women,30952.29847
37,0.4,women,32616.40718
37,0.45,women,34227.21387
37,0.5,women,35777.24408
37,0.55,women,37260.65199
37,0.6,women,38673.15805
37,0.65,women,40011.93619
37,0.7,women,41275.46597
37,0.75,women,42463.36404
37,0.8,women,43576.20741
37,0.85,women,44615.35841
37,0.9,women,45582.79872
37,0.95,women,46480.97758
37,1,women,47312.67696
38,0,women,19069.67158
38,0.05,women,20798.67358
38,0.1,women,22559.44741
38,0.15,women,24337.51065
38,0.2,women,26118.38601
38,0.25,women,27888.0601
38,0.3,women,29633.39014
38,0.35,women,31342.43677
38,0.4,women,33004.70949
38,0.45,women,34611.32059
38,0.5,women,36155.05085
38,0.55,women,37630.33709
38,0.6,women,39033.1953
38,0.65,women,40361.09528
38,0.7,women,41612.80246
38,0.75,women,42788.20172
38,0.8,women,43888.11523
38,0.85,women,44914.1243
38,0.9,women,45868.40211
38,0.95,women,46753.56198
38,1,women,47572.52375
39,0,women,19563.94157
39,0.05,women,21327.91219
39,0.1,women,23122.31924
39,0.15,women,24932.28547
39,0.2,women,26743.00571
39,0.25,women,28540.21562
39,0.3,women,30310.60274
39,0.35,women,32042.13837
39,0.4,women,33724.31745
39,0.45,women,35348.30342
39,0.5,women,36906.98264
39,0.55,women,38394.93966
39,0.6,women,39808.36815
39,0.65,women,41144.93412
39,0.7,women,42403.60794
39,0.75,women,43584.47986
39,0.8,women,44688.57158
39,0.85,women,45717.65337
39,0.9,women,46674.07369
39,0.95,women,47560.60569
39,1,women,48380.3128
40,0,women,19512.96531
40,0.05,women,21266.51301
40,0.1,women,23049.02805
40,0.15,women,24845.64521
40,0.2,women,26641.61529
40,0.25,women,28422.77204
40,0.3,women,30175.93867
40,0.35,women,31889.25294
40,0.4,women,33552.3988
40,0.45,women,35156.74235
40,0.5,women,36695.37755
40,0.55,women,38163.09348
40,0.6,women,39556.27858
40,0.65,women,40872.77862
40,0.7,women,42111.72505
40,0.75,women,43273.34836
40,0.8,women,44358.78879
40,0.85,women,45369.91371
40,0.9,women,46309.14828
40,0.95,women,47179.3236
40,1,women,47983.54434
41,0,women,19561.5025
41,0.05,women,21317.65713
41,0.1,women,23102.22143
41,0.15,women,24900.25322
41,0.2,women,26696.94821
41,0.25,women,28478.10916
41,0.3,women,30230.55306
41,0.35,women,31942.435
41,0.4,women,33603.47729
41,0.45,women,35205.10186
41,0.5,women,36740.4718
41,0.55,women,38204.45432
41,0.6,women,39593.52078
41,0.65,women,40905.60108
41,0.7,women,42139.90881
41,0.75,women,43296.75235
41,0.8,women,44377.34374
41,0.85,women,45383.61507
41,0.9,women,46318.04859
41,0.95,women,47183.52477
41,1,women,47983.19015
42,0,women,19772.8771
42,0.05,women,21550.41837
42,0.1,women,23356.81424
42,0.15,women,25176.90443
42,0.2,women,26995.66652
42,0.25,women,28798.69357
42,0.3,women,30572.60836
42,0.35,women,32305.39315
42,0.4,women,33986.62282
42,0.45,women,35607.59945
42,0.5,women,37161.39453
42,0.55,women,38642.81097
42,0.6,women,40048.28121
42,0.65,women,41375.71878
42,0.7,women,42624.34035
42,0.75,women,43794.47332
42,0.8,women,44887.36152
42,0.85,women,45904.97837
42,0.9,women,46849.8543
42,0.95,women,47724.92238
42,1,women,48533.38414
43,0,women,19887.31641
43,0.05,women,21681.80266
43,0.1,women,23506.23633
43,0.15,women,25345.29601
43,0.2,women,27183.77377
43,0.25,women,29007.06073
43,0.3,women,30801.57009
43,0.35,women,32555.07533
43,0.4,women,34256.95119
43,0.45,women,35898.31474
43,0.5,women,37472.07246
43,0.55,women,38972.88554
43,0.6,women,40397.06957
43,0.65,women,41742.44634
43,0.7,women,43008.16482
43,0.75,women,44194.507
43,0.8,women,45302.69111
43,0.85,women,46334.68213
43,0.9,women,47293.01632
43,0.95,women,48180.64417
43,1,women,49000.79366
44,0,women,20167.96132
44,0.05,women,21998.80951
44,0.1,women,23861.77865
44,0.15,women,25741.2431
44,0.2,women,27621.64209
44,0.25,women,29487.97936
44,0.3,women,31326.26184
44,0.35,women,33123.85376
44,0.4,women,34869.73249
44,0.45,women,36554.64253
44,0.5,women,38171.15272
44,0.55,women,39713.62874
44,0.6,women,41178.13698
44,0.65,women,42562.29766
44,0.7,women,43865.10499
44,0.75,women,45086.73017
44,0.8,women,46228.32064
44,0.85,women,47291.80572
44,0.9,women,48279.71605
44,0.95,women,49195.02126
44,1,women,50040.98835
45,0,women,20081.56633
45,0.05,women,21919.79599
45,0.1,women,23792.57985
45,0.15,women,25684.26432
45,0.2,women,27579.18506
45,0.25,women,29462.17319
45,0.3,women,31319.00479
45,0.35,women,33136.76873
45,0.4,women,34904.13784
45,0.45,women,36611.53814
45,0.5,women,38251.22034
45,0.55,women,39817.24448
45,0.6,women,41305.39341
45,0.65,women,42713.03271
45,0.7,women,44038.93505
45,0.75,women,45283.085
45,0.8,women,46446.47809
45,0.85,women,47530.92487
45,0.9,women,48538.86762
45,0.95,women,49473.21471
45,1,women,50337.19539
46,0,women,19892.84833
46,0.05,women,21733.00911
46,0.1,women,23610.78864
46,0.15,women,25510.58862
46,0.2,women,27416.69968
46,0.25,women,29313.81228
46,0.3,women,31187.47704
46,0.35,women,33024.48807
46,0.4,women,34813.17253
46,0.45,women,36543.57936
46,0.5,women,38207.56954
46,0.55,women,39798.81757
46,0.6,women,41312.73886
46,0.65,women,42746.36033
46,0.7,women,44098.15199
46,0.75,women,45367.83579
46,0.8,women,46556.18625
46,0.85,women,47664.83364
46,0.9,women,48696.07848
46,0.95,women,49652.72252
46,1,women,50537.91943
47,0,women,19867.29587
47,0.05,women,21728.28935
47,0.1,women,23631.10517
47,0.15,women,25560.08824
47,0.2,women,27499.34587
47,0.25,women,29433.26741
47,0.3,women,31347.00075
47,0.35,women,33226.85732
47,0.4,women,35060.62672
47,0.45,women,36837.79137
47,0.5,women,38549.64149
47,0.55,women,40189.29841
47,0.6,women,41751.65973
47,0.65,women,43233.28306
47,0.7,women,44632.22623
47,0.75,women,45947.86055
47,0.8,women,47180.67211
47,0.85,women,48332.06299
47,0.9,women,49404.16154
47,0.95,women,50399.64783
47,1,women,51321.59811
48,0,women,19738.3075
48,0.05,women,21614.11055
48,0.1,women,23536.57583
48,0.15,women,25490.10422
48,0.2,women,27458.70825
48,0.25,women,29426.5365
48,0.3,women,31378.36422
48,0.35,women,33300.02036
48,0.4,women,35178.72921
48,0.45,women,37003.35472
48,0.5,women,38764.54494
48,0.55,women,40454.78235
48,0.6,women,42068.35204
48,0.65,women,43601.24367
48,0.7,women,45051.00442
48,0.75,women,46416.56016
48,0.8,women,47698.02009
48,0.85,women,48896.47765
48,0.9,women,50013.81764
48,0.95,women,51052.53654
48,1,women,52015.58064
49,0,women,19237.49857
49,0.05,women,21095.48551
49,0.1,women,23004.81997
49,0.15,women,24950.30258
49,0.2,women,26916.1816
49,0.25,women,28886.66928
49,0.3,women,30846.43633
49,0.35,women,32781.0533
49,0.4,women,34677.35513
49,0.45,women,36523.71392
49,0.5,women,38310.21453
49,0.55,women,40028.73592
49,0.6,women,41672.94784
49,0.65,women,43238.23726
49,0.7,women,44721.58093
49,0.75,women,46121.38073
49,0.8,women,47437.27765
49,0.85,women,48669.95749
49,0.9,women,49820.95908
49,0.95,women,50892.49293
49,1,women,51887.27555
50,0,women,17499.08312
50,0.05,women,19219.29777
50,0.1,women,20992.38193
50,0.15,women,22804.57691
50,0.2,women,24641.4412
50,0.25,women,26488.32132
50,0.3,women,28330.81436
50,0.35,women,30155.19233
50,0.4,women,31948.7642
50,0.45,women,33700.15915
50,0.5,women,35399.52257
50,0.55,women,37038.62477
50,0.6,women,38610.88896
50,0.65,women,40111.3496
50,0.7,women,41536.55559
50,0.75,women,42884.43335
50,0.8,women,44154.12442
50,0.85,women,45345.81045
50,0.9,women,46460.53648
50,0.95,women,47500.0405
50,1,women,48466.59531
51,0,women,17350.38485
51,0.05,women,19088.61945
51,0.1,women,20886.20789
51,0.15,women,22729.65935
51,0.2,women,24604.60717
51,0.25,women,26496.2717
51,0.3,women,28389.9278
51,0.35,women,30271.34665
51,0.4,women,32127.18532
51,0.45,women,33945.30476
51,0.5,women,35715.00433
51,0.55,women,37427.16935
51,0.6,women,39074.33533
51,0.65,women,40650.6779
51,0.7,women,42151.94147
51,0.75,women,43575.32093
51,0.8,women,44919.31144
51,0.85,women,46183.53956
51,0.9,women,47368.58758
51,0.95,women,48475.82018
51,1,women,49507.22037
52,0,women,16862.25235
52,0.05,women,18585.70859
52,0.1,women,20374.38436
52,0.15,women,22215.41896
52,0.2,women,24094.89106
52,0.25,women,25998.25801
52,0.3,women,27910.81359
52,0.35,women,29818.13429
52,0.4,women,31706.48641
52,0.45,women,33563.17217
52,0.5,women,35376.79975
52,0.55,women,37137.47013
52,0.6,women,38836.88082
52,0.65,women,40468.35285
52,0.7,women,42026.79159
52,0.75,women,43508.59479
52,0.8,women,44911.52194
52,0.85,women,46234.53869
52,0.9,women,47477.64856
52,0.95,women,48641.72197
52,1,women,49728.33071
53,0,women,16528.90224
53,0.05,women,18253.77558
53,0.1,women,20050.72906
53,0.15,women,21907.52527
53,0.2,women,23810.67046
53,0.25,women,25745.82691
53,0.3,women,27698.2581
53,0.35,women,29653.27711
53,0.4,women,31596.67039
53,0.45,women,33515.07247
53,0.5,women,35396.27353
53,0.55,women,37229.44888
53,0.6,women,39005.30662
53,0.65,women,40716.15658
53,0.7,women,42355.90849
53,0.75,women,43920.01106
53,0.8,women,45405.34512
53,0.85,women,46810.08464
53,0.9,women,48133.53818
53,0.95,women,49375.98178
53,1,women,50538.49243
54,0,women,15864.34241
54,0.05,women,17555.53742
54,0.1,women,19324.4357
54,0.15,women,21159.78428
54,0.2,women,23048.91092
54,0.25,women,24978.09403
54,0.3,women,26932.97794
54,0.35,women,28899.00672
54,0.4,women,30861.84907
54,0.45,women,32807.78902
54,0.5,women,34724.06188
54,0.55,women,36599.12114
54,0.6,women,38422.82882
54,0.65,women,40186.56836
54,0.7,women,41883.28508
54,0.75,women,43507.46292
54,0.8,women,45055.04945
54,0.85,women,46523.34162
54,0.9,women,47910.84503
54,0.95,women,49217.11809
54,1,women,50442.61093
55,0,women,15361.12718
55,0.05,women,17034.41005
55,0.1,women,18791.80831
55,0.15,women,20623.05305
55,0.2,women,22516.29592
55,0.25,women,24458.43326
55,0.3,women,26435.48726
55,0.35,women,28433.02035
55,0.4,women,30436.55663
55,0.45,women,32431.98487
55,0.5,women,34405.92054
55,0.55,women,36346.00959
55,0.6,women,38241.16253
55,0.65,women,40081.71425
55,0.7,women,41859.5105
55,0.75,women,43567.92732
55,0.8,women,45201.83262
55,0.85,women,46757.50163
55,0.9,women,48232.49826
55,0.95,women,49625.53402
55,1,women,50936.31505
56,0,women,15024.48852
56,0.05,women,16696.83199
56,0.1,women,18460.67332
56,0.15,women,20306.74134
56,0.2,women,22224.02818
56,0.25,women,24200.06421
56,0.3,women,26221.26036
56,0.35,women,28273.29756
56,0.4,women,30341.53919
56,0.45,women,32411.44146
56,0.5,women,34468.93813
56,0.55,women,36500.77946
56,0.6,women,38494.81061
56,0.65,women,40440.1806
56,0.7,women,42327.47917
56,0.75,women,44148.80388
56,0.8,women,45897.76433
56,0.85,women,47569.43326
56,0.9,women,49160.25552
56,0.95,women,50667.92663
56,1,women,52091.25183
57,0,women,14374.67933
57,0.05,women,16009.24248
57,0.1,women,17740.60922
57,0.15,women,19560.80763
57,0.2,women,21460.03666
57,0.25,women,23426.88106
57,0.3,women,25448.60005
57,0.35,women,27511.47384
57,0.4,women,29601.1875
57,0.45,women,31703.22924
57,0.5,women,33803.27972
57,0.55,women,35887.57118
57,0.6,women,37943.1989
57,0.65,women,39958.37272
57,0.7,women,41922.6017
57,0.75,women,43826.8107
57,0.8,women,45663.39221
57,0.85,women,47426.20032
57,0.9,women,49110.49639
57,0.95,women,50712.85671
57,1,women,52231.05313
58,0,women,13908.78358
58,0.05,women,15523.77238
58,0.1,women,17241.71473
58,0.15,women,19055.92027
58,0.2,women,20957.7895
58,0.25,women,22936.96885
58,0.3,women,24981.58342
58,0.35,women,27078.53634
58,0.4,women,29213.85812
58,0.45,women,31373.08575
58,0.5,women,33541.64962
58,0.55,women,35705.24653
58,0.6,women,37850.17952
58,0.65,women,39963.64915
58,0.7,women,42033.98571
58,0.75,women,44050.81698
58,0.8,women,46005.1712
58,0.85,women,47889.51912
58,0.9,women,49697.76192
58,0.95,women,51425.17419
58,1,women,53068.3118
59,0,women,13392.33423
59,0.05,women,14979.13746
59,0.1,women,16674.21976
59,0.15,women,18472.26634
59,0.2,women,20366.01834
59,0.25,women,22346.36676
59,0.3,women,24402.52456
59,0.35,women,26522.27044
59,0.4,women,28692.25232
59,0.45,women,30898.33391
59,0.5,women,33125.96491
59,0.55,women,35360.55395
59,0.6,women,37587.82459
59,0.65,women,39794.13665
59,0.7,women,41966.75953
59,0.75,women,44094.0883
59,0.8,women,46165.79838
59,0.85,women,48172.93897
59,0.9,women,50107.96909
59,0.95,women,51964.74305
59,1,women,53738.45379
60,0,women,11887.03173
60,0.05,women,13323.04503
60,0.1,women,14863.36646
60,0.15,women,16504.39326
60,0.2,women,18240.7329
60,0.25,women,20065.23531
60,0.3,women,21969.09461
60,0.35,women,23942.01873
60,0.4,women,25972.45973
60,0.45,women,28047.89375
60,0.5,women,30155.13528
60,0.55,women,32280.66893
60,0.6,women,34410.98052
60,0.65,women,36532.87086
60,0.7,women,38633.73754
60,0.75,women,40701.81349
60,0.8,women,42726.35507
60,0.85,women,44697.77634
60,0.9,women,46607.72997
60,0.95,women,48449.13826
60,1,women,50216.18005
61,0,women,11349.70305
61,0.05,women,12746.24829
61,0.1,women,14250.18964
61,0.15,women,15859.24383
61,0.2,women,17569.38862
61,0.25,women,19374.84475
61,0.3,women,21268.12207
61,0.35,women,23240.13143
61,0.4,women,25280.35947
61,0.45,women,27377.09912
61,0.5,women,29517.72432
61,0.55,women,31688.99485
61,0.6,women,33877.37512
61,0.65,women,36069.35047
61,0.7,women,38251.72558
61,0.75,women,40411.89187
61,0.8,women,42538.05381
61,0.85,women,44619.40749
61,0.9,women,46646.26884
61,0.95,women,48610.15164
61,1,women,50503.79874
62,0,women,10792.60433
62,0.05,women,12143.74027
62,0.1,women,13604.29992
62,0.15,women,15173.27962
62,0.2,women,16848.02408
62,0.25,women,18624.16483
62,0.3,women,20495.61537
62,0.35,women,22454.62732
62,0.4,women,24491.90805
62,0.45,women,26596.79656
62,0.5,women,28757.49007
62,0.55,women,30961.31055
62,0.6,women,33194.99763
62,0.65,women,35445.01316
62,0.7,women,37697.84234
62,0.75,women,39940.27735
62,0.8,women,42159.67161
62,0.85,women,44344.15557
62,0.9,women,46482.80808
62,0.95,women,48565.78058
62,1,women,50584.37457
63,0,women,10482.00738
63,0.05,women,11815.5303
63,0.1,women,13262.21132
63,0.15,women,14822.25277
63,0.2,women,16494.28361
63,0.25,women,18275.26031
63,0.3,women,20160.41679
63,0.35,women,22143.26966
63,0.4,women,24215.68235
63,0.45,women,26367.98795
63,0.5,women,28589.16696
63,0.55,women,30867.07258
63,0.6,women,33188.69289
63,0.65,women,35540.43739
63,0.7,women,37908.43373
63,0.75,women,40278.82075
63,0.8,women,42638.02476
63,0.85,women,44973.0079
63,0.9,women,47271.48008
63,0.95,women,49522.06891
63,1,women,51714.44488
64,0,women,9922.961141
64,0.05,women,11204.22911
64,0.1,women,12598.86698
64,0.15,women,14108.19856
64,0.2,women,15732.11233
64,0.25,women,17468.93502
64,0.3,women,19315.34481
64,0.35,women,21266.33148
64,0.4,women,23315.20919
64,0.45,women,25453.68422
64,0.5,women,27671.97732
64,0.55,women,29958.99657
64,0.6,women,32302.55382
64,0.65,women,34689.61479
64,0.7,women,37106.57134
64,0.75,women,39539.52304
64,0.8,women,41974.55535
64,0.85,women,44398.00266
64,0.9,women,46796.68589
64,0.95,women,49158.11693
64,1,women,51470.66449
65,0,women,8236.349219
65,0.05,women,9314.371097
65,0.1,women,10491.40257
65,0.15,women,11769.47831
65,0.2,women,13149.50422
65,0.25,women,14631.1301
65,0.3,women,16212.64879
65,0.35,women,17890.92906
65,0.4,women,19661.38788
65,0.45,women,21518.00594
65,0.5,women,23453.38841
65,0.55,women,25458.86987
65,0.6,women,27524.66024
65,0.65,women,29640.0258
65,0.7,women,31793.49747
65,0.75,women,33973.09702
65,0.8,women,36166.57107
65,0.85,women,38361.62289
65,0.9,women,40546.13236
65,0.95,women,42708.35616
65,1,women,44837.10157
66,0,women,7816.276675
66,0.05,women,8851.997661
66,0.1,women,9986.036924
66,0.15,women,11221.19297
66,0.2,women,12559.2658
66,0.25,women,14000.91921
66,0.3,women,15545.56233
66,0.35,women,17191.25754
66,0.4,women,18934.66066
66,0.45,women,20770.99865
66,0.5,women,22694.08808
66,0.55,women,24696.39569
66,0.6,women,26769.14006
66,0.65,women,28902.43127
66,0.7,women,31085.44305
66,0.75,women,33306.61029
66,0.8,women,35553.84354
66,0.85,women,37814.75116
66,0.9,women,40076.86019
66,0.95,women,42327.82713
66,1,women,44555.63125
67,0,women,7716.812822
67,0.05,women,8750.768361
67,0.1,women,9885.770896
67,0.15,women,11125.40521
67,0.2,women,12472.35119
67,0.25,women,13928.23565
67,0.3,women,15493.4976
67,0.35,women,17167.27362
67,0.4,women,18947.30992
67,0.45,women,20829.90664
67,0.5,women,22809.89899
67,0.55,women,24880.67816
67,0.6,women,27034.25311
67,0.65,women,29261.35207
67,0.7,women,31551.56069
67,0.75,women,33893.49162
67,0.8,women,36274.97891
67,0.85,women,38683.28916
67,0.9,women,41105.34093
67,0.95,women,43527.92375
67,1,women,45937.90853
68,0,women,7403.129527
68,0.05,women,8404.962507
68,0.1,women,9507.228976
68,0.15,women,10714.11195
68,0.2,women,12029.00904
68,0.25,women,13454.38239
68,0.3,women,14991.61654
68,0.35,women,16640.89042
68,0.4,women,18401.06944
68,0.45,women,20269.62363
68,0.5,women,22242.57694
68,0.55,women,24314.49166
68,0.6,women,26478.4904
68,0.65,women,28726.31662
68,0.7,women,31048.43246
68,0.75,women,33434.15096
68,0.8,women,35871.79806
68,0.85,women,38348.89815
68,0.9,women,40852.37596
68,0.95,women,43368.76712
68,1,women,45884.42936
69,0,women,7166.657824
69,0.05,women,8145.107963
69,0.1,women,9223.848736
69,0.15,women,10407.59864
69,0.2,women,11700.39749
69,0.25,women,13105.45668
69,0.3,women,14625.01291
69,0.35,women,16260.19086
69,0.4,women,18010.8803
69,0.45,women,19875.63367
69,0.5,women,21851.58907
69,0.55,women,23934.42352
69,0.6,women,26118.33996
69,0.65,women,28396.09011
69,0.7,women,30759.03393
69,0.75,women,33197.23444
69,0.8,women,35699.58534
69,0.85,women,38253.96693
69,0.9,women,40847.42492
69,0.95,women,43466.36535
69,1,women,46096.75871
70,0,women,7040.553087
70,0.05,women,8009.349987
70,0.1,women,9079.377955
70,0.15,women,10255.87459
70,0.2,women,11543.4897
70,0.25,women,12946.13633
70,0.3,women,14466.84169
70,0.35,women,16107.6026
70,0.4,women,17869.25089
70,0.45,women,19751.33403
70,0.5,women,21752.01625
70,0.55,women,23868.00525
70,0.6,women,26094.50848
70,0.65,women,28425.22237
70,0.7,women,30852.3563
70,0.75,women,33366.69187
70,0.8,women,35957.67636
70,0.85,women,38613.54779
70,0.9,women,41321.48765
70,0.95,women,44067.79606
70,1,women,46838.08325
71,0,women,6805.543589
71,0.05,women,7748.504342
71,0.1,women,8791.648463
71,0.15,women,9940.565177
71,0.2,women,11200.34851
71,0.25,women,12575.45335
71,0.3,women,14069.54842
71,0.35,women,15685.37043
71,0.4,women,17424.58382
71,0.45,women,19287.65112
71,0.5,women,21273.71898
71,0.55,women,23380.52461
71,0.6,women,25604.32724
71,0.65,women,27939.86831
71,0.7,women,30380.3632
71,0.75,women,32917.52617
71,0.8,women,35541.62898
71,0.85,women,38241.59193
71,0.9,women,41005.10522
71,0.95,women,43818.77672
71,1,women,46668.30174
72,0,women,6458.255938
72,0.05,women,7358.566312
72,0.1,women,8355.907916
72,0.15,women,9456.031659
72,0.2,women,10664.28314
72,0.25,women,11985.46726
72,0.3,women,13423.70778
72,0.35,women,14982.30514
72,0.4,women,16663.59663
72,0.45,women,18468.82301
72,0.5,women,20398.00632
72,0.55,women,22449.84326
72,0.6,women,24621.61879
72,0.65,women,26909.14366
72,0.7,women,29306.71943
72,0.75,women,31807.13323
72,0.8,women,34401.68392
72,0.85,women,37080.23959
72,0.9,women,39831.32579
72,0.95,women,42642.24206
72,1,women,45499.20362
73,0,women,6255.547473
73,0.05,women,7132.286604
73,0.1,women,8104.685762
73,0.15,women,9178.698943
73,0.2,women,10359.94475
73,0.25,women,11653.57716
73,0.3,women,13064.14973
73,0.35,women,14595.47594
73,0.4,women,16250.48922
73,0.45,women,18031.1064
73,0.5,women,19938.09864
73,0.55,women,21970.97424
73,0.6,women,24127.87755
73,0.65,women,26405.50799
73,0.7,women,28799.06287
73,0.75,women,31302.20693
73,0.8,women,33907.07086
73,0.85,women,36604.27999
73,0.9,women,39383.01328
73,0.95,women,42231.09177
73,1,women,45135.09444
74,0,women,6263.864797
74,0.05,women,7145.92191
74,0.1,women,8125.240181
74,0.15,women,9208.119312
74,0.2,women,10400.57458
74,0.25,women,11708.20977
74,0.3,women,13136.08209
74,0.35,women,14688.56163
74,0.4,women,16369.18824
74,0.45,women,18180.52939
74,0.5,women,20124.0428
74,0.55,women,22199.94792
74,0.6,women,24407.1104
74,0.65,women,26742.94378
74,0.7,women,29203.33207
74,0.75,women,31782.57681
74,0.8,women,34473.37133
74,0.85,women,37266.80411
74,0.9,women,40152.39254
74,0.95,women,43118.14702
74,1,women,46150.66448
75,0,women,5691.577693
75,0.05,women,6496.390285
75,0.1,women,7390.753847
75,0.15,women,8380.660901
75,0.2,women,9471.886878
75,0.25,women,10669.87686
75,0.3,women,11979.6241
75,0.35,women,13405.54224
75,0.4,women,14951.33372
75,0.45,women,16619.85708
75,0.5,women,18412.99658
75,0.55,women,20331.53733
75,0.6,women,22375.04992
75,0.65,women,24541.78798
75,0.7,women,26828.60243
75,0.75,women,29230.8757
75,0.8,women,31742.47884
75,0.85,women,34355.75392
75,0.9,women,37061.52325
75,0.95,women,39849.12648
75,1,women,42706.48544
76,0,women,6288.122502
76,0.05,women,7180.572647
76,0.1,women,8173.101205
76,0.15,women,9272.587129
76,0.2,women,10485.70947
76,0.25,women,11818.82464
76,0.3,women,13277.8337
76,0.35,women,14868.04164
76,0.4,women,16594.01094
76,0.45,women,18459.41236
76,0.5,women,20466.87602
76,0.55,women,22617.84673
76,0.6,women,24912.44703
76,0.65,women,27349.3523
76,0.7,women,29925.68172
76,0.75,women,32636.90902
76,0.8,women,35476.7965
76,0.85,women,38437.35531
76,0.9,women,41508.83453
76,0.95,women,44679.74059
76,1,women,47936.88787
77,0,women,6157.169066
77,0.05,women,7033.906527
77,0.1,women,8009.62285
77,0.15,women,9091.27382
77,0.2,women,10285.65339
77,0.25,women,11599.27562
77,0.3,women,13038.24627
77,0.35,women,14608.12558
77,0.4,women,16313.78443
77,0.45,women,18159.25632
77,0.5,women,20147.58812
77,0.55,women,22280.69302
77,0.6,women,24559.20921
77,0.65,women,26982.36805
77,0.7,women,29547.8758
77,0.75,women,32251.81252
77,0.8,women,35088.55197
77,0.85,women,38050.70561
77,0.9,women,41129.09361
77,0.95,women,44312.74505
77,1,women,47588.92863
78,0,women,6383.877623
78,0.05,women,7295.576493
78,0.1,women,8310.802283
78,0.15,women,9436.965626
78,0.2,women,10681.33963
78,0.25,women,12050.93946
78,0.3,women,13552.3906
78,0.35,women,15191.78734
78,0.4,women,16974.54337
78,0.45,women,18905.23693
78,0.5,women,20987.45332
78,0.55,women,23223.62805
78,0.6,women,25614.89418
78,0.65,women,28160.93774
78,0.7,women,30859.86514
78,0.75,women,33708.08656
78,0.8,women,36700.21932
78,0.85,women,39829.01466
78,0.9,women,43085.31133
78,0.95,women,46458.01865
78,1,women,49934.13102
79,0,women,4928.172068
79,0.05,women,5633.853766
79,0.1,women,6420.076889
79,0.15,women,7292.696297
79,0.2,women,8257.48074
79,0.25,women,9320.021194
79,0.3,women,10485.63016
79,0.35,women,11759.23292
79,0.4,women,13145.25214
79,0.45,women,14647.48753
79,0.5,women,16268.99256
79,0.55,women,18011.95072
79,0.6,women,19877.55384
79,0.65,women,21865.88543
79,0.7,women,23975.812
79,0.75,women,26204.88553
79,0.8,women,28549.25998
79,0.85,women,31003.62494
79,0.9,women,33561.15903
79,0.95,women,36213.50536
79,1,women,38950.77105
80,0,women,5665.444892
80,0.05,women,6478.673252
80,0.1,women,7385.134436
80,0.15,women,8391.694668
80,0.2,women,9505.14095
80,0.25,women,10732.07694
80,0.3,women,12078.80814
80,0.35,women,13551.21737
80,0.4,women,15154.63211
80,0.45,women,16893.68537
80,0.5,women,18772.17246
80,0.55,women,20792.90612
80,0.6,women,22957.57314
80,0.65,women,25266.59539
80,0.7,women,27718.99893
80,0.75,women,30312.2946
80,0.8,women,33042.37359
80,0.85,women,35903.42162
80,0.9,women,38887.85483
80,0.95,women,41986.28038
80,1,women,45187.4843
81,0,women,4310.848856
81,0.05,women,4931.024519
81,0.1,women,5622.58458
81,0.15,women,6390.844882
81,0.2,women,7241.073917
81,0.25,women,8178.414385
81,0.3,women,9207.796407
81,0.35,women,10333.84311
81,0.4,women,11560.76959
81,0.45,women,12892.27663
81,0.5,women,14331.44067
81,0.55,women,15880.60202
81,0.6,women,17541.25339
81,0.65,women,19313.93121
81,0.7,women,21198.11218
81,0.75,women,23192.11779
81,0.8,women,25293.0295
81,0.85,women,27496.61731
81,0.9,women,29797.28422
81,0.95,women,32188.02902
81,1,women,34660.42953
82,0,women,6513.392239
82,0.05,women,7452.393579
82,0.1,women,8499.866206
82,0.15,women,9663.96545
82,0.2,women,10952.79199
82,0.25,women,12374.27428
82,0.3,women,13936.03809
82,0.35,women,15645.26419
82,0.4,women,17508.53562
82,0.45,women,19531.67634
82,0.5,women,21719.58379
82,0.55,women,24076.05778
82,0.6,women,26603.62926
82,0.65,women,29303.39213
82,0.7,women,32174.84214
82,0.75,women,35215.72677
82,0.8,women,38421.9102
82,0.85,women,41787.25758
82,0.9,women,45303.54253
82,0.95,women,48960.38169
82,1,women,52745.19967
83,0,women,4885.610769
83,0.05,women,5591.329548
83,0.1,women,6378.838736
83,0.15,women,7254.339372
83,0.2,women,8224.00254
83,0.25,women,9293.881731
83,0.3,women,10469.81538
83,0.35,women,11757.32026
83,0.4,women,13161.47681
83,0.45,women,14686.8076
83,0.5,women,16337.15085
83,0.55,women,18115.53072
83,0.6,women,20024.02695
83,0.65,women,22063.64621
83,0.7,women,24234.19816
83,0.75,women,26534.17909
83,0.8,women,28960.66631
83,0.85,women,31509.22635
83,0.9,women,34173.84014
83,0.95,women,36946.84803
83,1,women,39818.91733
84,0,women,3638.624334
84,0.05,women,4165.200875
84,0.1,women,4752.990585
84,0.15,women,5406.668989
84,0.2,women,6130.896549
84,0.25,women,6930.253708
84,0.3,women,7809.168506
84,0.35,women,8771.837242
84,0.4,women,9822.138909
84,0.45,women,10963.54437
84,0.5,women,12199.02147
84,0.55,women,13530.93758
84,0.6,women,14960.96118
84,0.65,women,16489.96447
84,0.7,women,18117.92904
84,0.75,women,19843.85682
84,0.8,women,21665.68861
84,0.85,women,23580.23259
84,0.9,women,25583.10511
84,0.95,women,27668.68601
84,1,women,29830.09053
85,0,women,2690.729843
85,0.05,women,3080.826663
85,0.1,women,3516.399463
85,0.15,women,4000.945029
85,0.2,women,4537.953787
85,0.25,women,5130.861949
85,0.3,women,5782.998082
85,0.35,women,6497.524431
85,0.4,women,7277.373527
85,0.45,women,8125.180744
85,0.5,women,9043.213696
85,0.55,women,10033.29953
85,0.6,women,11096.75131
85,0.65,women,12234.29493
85,0.7,women,13445.99807
85,0.75,women,14731.20271
85,0.8,women,16088.46321
85,0.85,women,17515.49133
85,0.9,women,19009.11029
85,0.95,women,20565.21931
85,1,women,22178.77037
86,0,women,1975.712754
86,0.05,women,2262.644039
86,0.1,women,2583.114025
86,0.15,women,2939.717387
86,0.2,women,3335.047312
86,0.25,women,3771.660455
86,0.3,women,4252.037742
86,0.35,women,4778.541265
86,0.4,women,5353.367621
86,0.45,women,5978.498185
86,0.5,women,6655.646962
86,0.55,women,7386.206754
86,0.6,women,8171.194549
86,0.65,women,9011.197133
86,0.7,women,9906.318044
86,0.75,women,10856.12706
86,0.8,women,11859.6135
86,0.85,women,12915.14462
86,0.9,women,14020.43039
86,0.95,women,15172.49602
86,1,women,16367.66322
87,0,women,1440.467291
87,0.05,women,1650.017849
87,0.1,women,1884.124721
87,0.15,women,2144.69844
87,0.2,women,2433.650587
87,0.25,women,2752.868289
87,0.3,women,3104.185653
87,0.35,women,3489.3523
87,0.4,women,3909.999258
87,0.45,women,4367.602552
87,0.5,women,4863.44496
87,0.55,women,5398.576459
87,0.6,women,5973.774017
87,0.65,women,6589.501464
87,0.7,women,7245.870235
87,0.75,women,7942.601879
87,0.8,women,8678.993244
87,0.85,women,9453.885303
87,0.9,women,10265.63656
87,0.95,women,11112.10202
87,1,women,11990.61852
88,0,women,1042.828524
88,0.05,women,1194.783095
88,0.1,women,1364.588287
88,0.15,women,1553.640303
88,0.2,women,1763.337545
88,0.25,women,1995.062178
88,0.3,women,2250.159443
88,0.35,women,2529.914848
88,0.4,women,2835.5294
88,0.45,women,3168.093135
88,0.5,women,3528.55727
88,0.55,women,3917.705352
88,0.6,women,4336.123885
88,0.65,women,4784.17295
88,0.7,women,5261.957396
88,0.75,women,5769.299257
88,0.8,women,6305.712038
88,0.85,women,6870.377594
88,0.9,women,7462.12628
88,0.95,women,8079.421073
88,1,women,8720.346328
89,0,women,749.6446723
89,0.05,women,859.0552991
89,0.1,women,981.3493933
89,0.15,women,1117.539736
89,0.2,women,1268.641668
89,0.25,women,1435.659851
89,0.3,women,1619.573389
89,0.35,women,1821.319397
89,0.4,women,2041.77515
89,0.45,women,2281.738963
89,0.5,women,2541.910064
89,0.55,women,2822.867701
89,0.6,women,3125.049842
89,0.65,women,3448.731831
89,0.7,women,3794.005417
89,0.75,women,4160.758625
89,0.8,women,4548.656936
89,0.85,women,4957.126298
89,0.9,women,5385.338454
89,0.95,women,5832.19912
89,1,women,6296.339462
90,0,women,535.0982464
90,0.05,women,613.3206752
90,0.1,women,700.7754911
90,0.15,women,798.1919738
90,0.2,women,906.3019021
90,0.25,women,1025.830106
90,0.3,women,1157.48384
90,0.35,women,1301.941033
90,0.4,women,1459.837497
90,0.45,women,1631.75323
90,0.5,women,1818.197956
90,0.55,women,2019.596116
90,0.6,women,2236.271529
90,0.65,women,2468.432006
90,0.7,women,2716.154202
90,0.75,women,2979.369041
90,0.8,women,3257.848061
90,0.85,women,3551.191034
90,0.9,women,3858.815238
90,0.95,women,4179.946729
90,1,women,4513.613984
91,0,women,379.2704458
91,0.05,women,434.8011527
91,0.1,women,496.9009725
91,0.15,women,566.091237
91,0.2,women,642.8955112
91,0.25,women,727.832897
91,0.3,women,821.4104945
91,0.35,women,924.1150541
91,0.4,women,1036.403883
91,0.45,women,1158.695089
91,0.5,women,1291.357278
91,0.55,women,1434.69884
91,0.6,women,1588.956987
91,0.65,women,1754.286744
91,0.7,women,1930.750086
91,0.75,women,2118.305473
91,0.8,women,2316.798018
91,0.85,women,2525.950542
91,0.9,women,2745.355795
91,0.95,women,2974.470086
91,1,women,3212.60858
92,0,women,266.9336527
92,0.05,women,306.0779346
92,0.1,women,349.863288
92,0.15,women,398.6597111
92,0.2,women,452.8390911
92,0.25,women,512.770492
92,0.3,women,578.814842
92,0.35,women,651.3190458
92,0.4,women,730.6095615
92,0.45,women,816.9855046
92,0.5,women,910.711355
92,0.55,women,1012.009365
92,0.6,women,1121.051786
92,0.65,women,1237.953039
92,0.7,women,1362.761996
92,0.75,women,1495.45451
92,0.8,women,1635.926394
92,0.85,women,1783.987019
92,0.9,women,1939.353708
92,0.95,women,2101.647137
92,1,women,2270.387892
93,0,women,186.5510106
93,0.05,women,213.9502833
93,0.1,women,244.6053297
93,0.15,women,278.7768655
93,0.2,women,316.727145
93,0.25,women,358.7166682
93,0.3,women,405.0004628
93,0.35,women,455.8239602
93,0.4,women,511.4184909
93,0.45,women,571.9964438
93,0.5,women,637.7461403
93,0.55,women,708.826494
93,0.6,women,785.3615334
93,0.65,women,867.4348831
93,0.7,women,955.0843073
93,0.75,women,1048.296429
93,0.8,women,1147.00175
93,0.85,women,1251.070099
93,0.9,women,1360.306635
93,0.95,women,1474.448545
93,1,women,1593.162556
94,0,women,129.4591215
94,0.05,women,148.5026351
94,0.1,women,169.8140221
94,0.15,women,193.5756845
94,0.2,women,219.9712426
94,0.25,women,249.183249
94,0.3,women,281.3906062
94,0.35,women,316.7656965
94,0.4,women,355.4712462
94,0.45,women,397.6569505
94,0.5,women,443.4558974
94,0.55,women,492.9808364
94,0.6,women,546.3203484
94,0.65,women,603.5349814
94,0.7,women,664.6534236
94,0.75,women,729.6687959
94,0.8,women,798.535146
94,0.85,women,871.1642374
94,0.9,women,947.4227221
94,0.95,women,1027.12979
94,1,women,1110.055385
95,0,women,89.20908615
95,0.05,women,102.3520644
95,0.1,women,117.0636532
95,0.15,women,133.4705586
95,0.2,women,151.7004291
95,0.25,women,171.8802808
95,0.3,women,194.1347148
95,0.35,women,218.5839352
95,0.4,women,245.3415807
95,0.45,women,274.5123879
95,0.5,women,306.1897143
95,0.55,women,340.4529497
95,0.6,women,377.3648567
95,0.65,women,416.9688844
95,0.7,women,459.2865042
95,0.75,women,504.3146248
95,0.8,women,552.0231433
95,0.85,women,602.3526969
95,0.9,women,655.212677
95,0.95,women,710.4795706
95,1,women,767.9956908
96,0,women,61.04180445
96,0.05,women,70.04880378
96,0.1,women,80.13312515
96,0.15,women,91.38216146
96,0.2,women,103.8840213
96,0.25,women,117.7264507
96,0.3,women,132.9956122
96,0.35,women,149.7747251
96,0.4,women,168.1425765
96,0.45,women,188.1719156
96,0.5,women,209.9277494
96,0.55,women,233.4655597
96,0.6,women,258.82947
96,0.65,women,286.050391
96,0.7,women,315.1441791
96,0.75,women,346.1098471
96,0.8,women,378.9278664
96,0.85,women,413.5586041
96,0.9,women,449.9409386
96,0.95,women,487.9910985
96,1,women,527.601767
97,0,women,41.47513464
97,0.05,women,47.60437733
97,0.1,women,54.46832284
97,0.15,women,62.12682233
97,0.2,women,70.64026129
97,0.25,women,80.0688269
97,0.3,women,90.47167712
97,0.35,women,101.9060148
97,0.4,women,114.4260724
97,0.45,women,128.0820164
97,0.5,women,142.9187825
97,0.55,women,158.9748572
97,0.6,women,176.281022
97,0.65,women,194.859083
97,0.7,women,214.7206073
97,0.75,women,235.8656929
97,0.8,women,258.2818003
97,0.85,women,281.9426741
97,0.9,women,306.807385
97,0.95,women,332.8195232
97,1,women,359.9065715
98,0,women,27.98276689
98,0.05,women,32.12442617
98,0.1,women,36.76361039
98,0.15,women,41.94101916
98,0.2,women,47.69774512
98,0.25,women,54.0747796
98,0.3,women,61.1124513
98,0.35,women,68.84980005
98,0.4,women,77.32388956
98,0.45,women,86.56906494
98,0.5,women,96.61616269
98,0.55,women,107.4916831
98,0.6,women,119.2169373
98,0.65,women,131.8071821
98,0.7,women,145.2707593
98,0.75,women,159.6082566
98,0.8,women,174.811709
98,0.85,women,190.8638597
98,0.9,women,207.7375029
98,0.95,women,225.3949268
98,1,women,243.7874789
99,0,women,18.7471859
99,0.05,women,21.5261514
99,0.1,women,24.63966294
99,0.15,women,28.11520146
99,0.2,women,31.98053313
99,0.25,women,36.26337815
99,0.3,women,40.99103417
99,0.35,women,46.18995579
99,0.4,women,51.88529258
99,0.45,women,58.10038946
99,0.5,women,64.85625465
99,0.55,women,72.1710017
99,0.6,women,80.05927373
99,0.65,women,88.53165906
99,0.7,women,97.59410891
99,0.75,women,107.2473689
99,0.8,women,117.4864372
99,0.85,women,128.3000619
99,0.9,women,139.6702931
99,0.95,women,151.5721016
99,1,women,163.9730791
100,0,women,12.47165883
100,0.05,women,14.3232003
100,0.1,women,16.39811724
100,0.15,women,18.71483426
100,0.2,women,21.29198043
100,0.25,women,24.14816886
100,0.3,women,27.30174595
100,0.35,women,30.77051094
100,0.4,women,34.57140756
100,0.45,women,38.72019028
100,0.5,women,43.2310684
100,0.55,women,48.11633261
100,0.6,women,53.38596912
100,0.65,women,59.04726764
100,0.7,women,65.10443023
100,0.75,women,71.558189
100,0.8,women,78.4054409
100,0.85,women,85.63890873
100,0.9,women,93.24683754
100,0.95,women,101.2127358
100,1,women,109.5151706
